Team,Year,Name,Age,Pos,Contract Value,Type
Atlanta Hawks,2018,Kent Bazemore,29,SG,"$18,089,887 ",Cap Space
Atlanta Hawks,2018,Miles Plumlee,30,C,"$12,500,000 ",Bird
Atlanta Hawks,2018,Dewayne Dedmon,29,C,"$7,200,000 ",Cap Space
Atlanta Hawks,2018,Trae Young,20,PG,"$5,356,440 ",Rookie
Atlanta Hawks,2018,Alex Len,25,C,"$4,350,000 ",Room
Atlanta Hawks,2018,Taurean Prince,24,SF,"$2,526,840 ",Rookie
Atlanta Hawks,2018,Justin Anderson,24,SG,"$2,516,048 ",Rookie
Atlanta Hawks,2018,John Collins,21,PF,"$2,299,080 ",Rookie
Atlanta Hawks,2018,Kevin Huerter,20,SG,"$2,250,960 ",Rookie
Atlanta Hawks,2018,DeAndre' Bembry,24,SF,"$1,634,640 ",Rookie
Atlanta Hawks,2018,Omari Spellman,21,PF,"$1,620,480 ",Rookie
Atlanta Hawks,2018,Vince Carter,41,SG,"$1,512,601 ",Minimum
Atlanta Hawks,2018,Jaylen Adams,22,PG,"$236,854 ",Minimum
Atlanta Hawks,2018,Isaac Humphries,20,C,"$47,371 ",Minimum
Atlanta Hawks,2018,Deyonta Davis,21,C,"$25,637 ",Minimum
Atlanta Hawks,2019,Jeff Teague,31,PG,"$19,000,000 ",Cap Space
Atlanta Hawks,2019,Clint Capela,25,C,"$14,896,552 ",Bird
Atlanta Hawks,2019,Dewayne Dedmon,30,C,"$13,333,334 ",Cap Space
Atlanta Hawks,2019,De'Andre Hunter,21,SF,"$7,068,360 ",Rookie
Atlanta Hawks,2019,Trae Young,21,PG,"$6,273,000 ",Rookie
Atlanta Hawks,2019,Cam Reddish,20,SF,"$4,245,720 ",Rookie
Atlanta Hawks,2019,John Collins,22,PF,"$2,686,560 ",Rookie
Atlanta Hawks,2019,Kevin Huerter,21,SG,"$2,636,280 ",Rookie
Atlanta Hawks,2019,DeAndre' Bembry,25,SF,"$2,603,982 ",Rookie
Atlanta Hawks,2019,Skal Labissiere,23,PF,"$2,338,847 ",Rookie
Atlanta Hawks,2019,Damian Jones,24,C,"$2,305,057 ",Rookie
Atlanta Hawks,2019,Treveon Graham,25,SG,"$1,645,357 ",Minimum
Atlanta Hawks,2019,Vince Carter,42,SG,"$1,620,564 ",Minimum
Atlanta Hawks,2019,Bruno Fernando,21,C,"$1,400,000 ",Cap Space
Atlanta Hawks,2019,Brandon Goodwin,23,PG,"$522,738 ",Minimum
Boston Celtics,2018,Gordon Hayward,28,SF,"$31,214,295 ",Cap Space
Boston Celtics,2018,Al Horford,32,C,"$28,928,709 ",Cap Space
Boston Celtics,2018,Kyrie Irving,26,PG,"$20,099,188 ",Bird
Boston Celtics,2018,Marcus Smart,24,PG,"$11,660,716 ",Bird
Boston Celtics,2018,Jayson Tatum,20,SF,"$6,700,800 ",Rookie
Boston Celtics,2018,Marcus Morris Sr.,29,PF,"$5,375,000 ",Bird
Boston Celtics,2018,Aron Baynes,31,C,"$5,193,600 ",Non-Bird
Boston Celtics,2018,Jaylen Brown,21,SG,"$5,169,960 ",Rookie
Boston Celtics,2018,Terry Rozier,24,PG,"$3,050,390 ",Rookie
Boston Celtics,2018,Guerschon Yabusele,22,PF,"$2,667,600 ",Rookie
Boston Celtics,2018,Robert Williams,20,PF,"$1,654,440 ",Rookie
Boston Celtics,2018,Semi Ojeleye,23,PF,"$1,378,242 ",Cap Space
Boston Celtics,2018,Daniel Theis,26,PF,"$1,378,242 ",Minimum
Boston Celtics,2018,Brad Wanamaker,29,PG,"$838,464 ",Minimum
Boston Celtics,2018,Jonathan Gibson,30,PG,"$17,092 ",Minimum
Boston Celtics,2019,Kemba Walker,29,PG,"$32,742,000 ",Sign-and-Trade
Boston Celtics,2019,Gordon Hayward,29,SF,"$32,700,690 ",Cap Space
Boston Celtics,2019,Marcus Smart,25,PG,"$12,553,471 ",Bird
Boston Celtics,2019,Jayson Tatum,21,SF,"$7,830,000 ",Rookie
Boston Celtics,2019,Jaylen Brown,22,SG,"$6,534,829 ",Rookie
Boston Celtics,2019,Daniel Theis,27,PF,"$5,000,000 ",Early Bird
Boston Celtics,2019,Enes Kanter,27,C,"$4,767,000 ",Room
Boston Celtics,2019,Romeo Langford,19,SF,"$3,458,400 ",Rookie
Boston Celtics,2019,Vincent Poirier,25,C,"$2,505,793 ",Cap Space
Boston Celtics,2019,Grant Williams,20,SF,"$2,379,840 ",Rookie
Boston Celtics,2019,Robert Williams,21,C,"$1,937,520 ",Rookie
Boston Celtics,2019,Semi Ojeleye,24,PF,"$1,618,520 ",Cap Space
Boston Celtics,2019,Brad Wanamaker,30,PG,"$1,445,697 ",Minimum
Boston Celtics,2019,Carsen Edwards,21,PG,"$1,228,026 ",Cap Space
Boston Celtics,2019,Javonte Green,26,SG,"$898,310 ",Minimum
Brooklyn Nets,2018,Allen Crabbe,26,SG,"$18,500,000 ",Cap Space
Brooklyn Nets,2018,DeMarre Carroll,32,SF,"$15,400,000 ",Cap Space
Brooklyn Nets,2018,Jared Dudley,33,SF,"$9,530,000 ",Cap Space
Brooklyn Nets,2018,Joe Harris,27,SG,"$8,333,333 ",Cap Space
Brooklyn Nets,2018,D'Angelo Russell,22,PG,"$7,019,698 ",Rookie
Brooklyn Nets,2018,Ed Davis,29,PF,"$4,449,000 ",Room
Brooklyn Nets,2018,Rondae Hollis-Jefferson,23,SF,"$2,470,357 ",Rookie
Brooklyn Nets,2018,Jarrett Allen,20,C,"$2,034,120 ",Rookie
Brooklyn Nets,2018,Shabazz Napier,27,PG,"$1,942,422 ",Cap Space
Brooklyn Nets,2018,Caris LeVert,24,SG,"$1,702,800 ",Rookie
Brooklyn Nets,2018,Spencer Dinwiddie,25,PG,"$1,656,092 ",Cap Space
Brooklyn Nets,2018,Dzanan Musa,19,SG,"$1,632,240 ",Rookie
Brooklyn Nets,2018,Rodions Kurucs,20,SF,"$1,618,320 ",Cap Space
Brooklyn Nets,2018,Treveon Graham,24,SG,"$1,512,601 ",Minimum
Brooklyn Nets,2018,Theo Pinson,22,SG,"$4,737 ",Minimum
Brooklyn Nets,2019,Kevin Durant,31,SF,"$38,199,000 ",Sign-and-Trade
Brooklyn Nets,2019,Kyrie Irving,27,PG,"$31,742,000 ",Cap Space
Brooklyn Nets,2019,Joe Harris,28,SG,"$7,666,667 ",Cap Space
Brooklyn Nets,2019,Garrett Temple,33,SG,"$4,767,000 ",Room
Brooklyn Nets,2019,Caris LeVert,25,SG,"$2,625,718 ",Rookie
Brooklyn Nets,2019,Jarrett Allen,21,C,"$2,376,840 ",Rookie
Brooklyn Nets,2019,Landry Shamet,22,PG,"$1,995,120 ",Rookie
Brooklyn Nets,2019,Dzanan Musa,20,SG,"$1,911,600 ",Rookie
Brooklyn Nets,2019,Rodions Kurucs,21,SF,"$1,699,236 ",Cap Space
Brooklyn Nets,2019,Nicolas Claxton,20,C,"$898,310 ",Cap Space
Brooklyn Nets,2019,Timothe Luwawu-Cabarrot,24,SG,"$654,468 ",Minimum
Brooklyn Nets,2019,Tyler Johnson,27,SG,"$183,115 ",Minimum
Brooklyn Nets,2019,Donta Hall,22,PF,"$101,504 ",Minimum
Brooklyn Nets,2019,Jamal Crawford,39,SG,- ,Minimum
Brooklyn Nets,2019,Lance Thomas,31,SF,- ,Minimum
Charlotte Hornets,2018,Nicolas Batum,29,SG,"$24,000,000 ",Bird
Charlotte Hornets,2018,Bismack Biyombo,26,C,"$17,000,000 ",Cap Space
Charlotte Hornets,2018,Marvin Williams,32,PF,"$14,087,500 ",Early Bird
Charlotte Hornets,2018,Cody Zeller,25,C,"$13,528,090 ",Bird
Charlotte Hornets,2018,Michael Kidd-Gilchrist,25,SF,"$13,000,000 ",Bird
Charlotte Hornets,2018,Kemba Walker,28,PG,"$12,000,000 ",Bird
Charlotte Hornets,2018,Jeremy Lamb,26,SG,"$7,488,372 ",Bird
Charlotte Hornets,2018,Tony Parker,36,PG,"$5,000,000 ",NT-MLE
Charlotte Hornets,2018,Frank Kaminsky,25,PF,"$3,627,842 ",Rookie
Charlotte Hornets,2018,Malik Monk,20,SG,"$3,447,480 ",Rookie
Charlotte Hornets,2018,Miles Bridges,20,SF,"$3,206,640 ",Rookie
Charlotte Hornets,2018,Willy Hernangomez,24,C,"$1,544,951 ",Cap Space
Charlotte Hornets,2018,Shelvin Mack,28,PG,"$1,512,601 ",Minimum
Charlotte Hornets,2018,Dwayne Bacon,23,SF,"$1,378,242 ",NT-MLE
Charlotte Hornets,2018,Devonte' Graham,23,PG,"$988,464 ",NT-MLE
Charlotte Hornets,2019,Nicolas Batum,30,SG,"$25,565,217 ",Bird
Charlotte Hornets,2019,Terry Rozier,25,PG,"$19,894,737 ",Sign-and-Trade
Charlotte Hornets,2019,Bismack Biyombo,27,C,"$17,000,000 ",Cap Space
Charlotte Hornets,2019,Cody Zeller,26,C,"$14,471,910 ",Bird
Charlotte Hornets,2019,Malik Monk,21,SG,"$4,028,400 ",Rookie
Charlotte Hornets,2019,PJ Washington,21,PF,"$3,831,840 ",Rookie
Charlotte Hornets,2019,Miles Bridges,21,SF,"$3,755,400 ",Rookie
Charlotte Hornets,2019,Willy Hernangomez,25,C,"$1,676,735 ",Cap Space
Charlotte Hornets,2019,Dwayne Bacon,24,SF,"$1,618,520 ",NT-MLE
Charlotte Hornets,2019,Devonte' Graham,24,PG,"$1,416,852 ",NT-MLE
Charlotte Hornets,2019,Cody Martin,24,SF,"$1,173,310 ",NT-MLE
Charlotte Hornets,2019,Caleb Martin,24,SF,"$898,310 ",NT-MLE
Charlotte Hornets,2019,Jalen McDaniels,21,PF,"$898,310 ",NT-MLE
Charlotte Hornets,2019,Joe Chealey,23,PG,"$81,678 ",Minimum
Charlotte Hornets,2019,Kobi Simmons,PG,PF,PG,
Chicago Bulls,2018,Otto Porter Jr.,25,SF,"$26,011,913 ",Cap Space
Chicago Bulls,2018,Zach LaVine,23,SG,"$19,500,000 ",Cap Space
Chicago Bulls,2018,Robin Lopez,30,C,"$14,357,750 ",Cap Space
Chicago Bulls,2018,Cristiano Felicio,26,PF,"$8,470,980 ",Cap Space
Chicago Bulls,2018,Lauri Markkanen,21,PF,"$4,536,120 ",Rookie
Chicago Bulls,2018,Wendell Carter Jr.,19,PF,"$4,441,200 ",Rookie
Chicago Bulls,2018,Kris Dunn,24,PG,"$4,221,000 ",Rookie
Chicago Bulls,2018,Denzel Valentine,24,SG,"$2,280,600 ",Rookie
Chicago Bulls,2018,Chandler Hutchison,22,SF,"$1,991,520 ",Rookie
Chicago Bulls,2018,Timothe Luwawu-Cabarrot,23,SG,"$1,544,951 ",Rookie
Chicago Bulls,2018,Wayne Selden,24,SG,"$1,544,951 ",Minimum
Chicago Bulls,2018,Ryan Arcidiacono,24,PG,"$1,349,383 ",Minimum
Chicago Bulls,2018,Antonio Blakeney,21,SG,"$1,349,383 ",Minimum
Chicago Bulls,2018,Shaquille Harrison,24,PG,"$1,311,264 ",Minimum
Chicago Bulls,2018,Walter Lemon Jr.,26,PG,"$99,107 ",Minimum
Chicago Bulls,2019,Otto Porter Jr.,26,SF,"$27,250,575 ",Cap Space
Chicago Bulls,2019,Zach LaVine,24,SG,"$19,500,000 ",Cap Space
Chicago Bulls,2019,Thaddeus Young,31,PF,"$12,900,000 ",Cap Space
Chicago Bulls,2019,Tomas Satoransky,27,SG,"$10,000,000 ",Sign-and-Trade
Chicago Bulls,2019,Cristiano Felicio,27,PF,"$8,156,500 ",Cap Space
Chicago Bulls,2019,Kris Dunn,25,PG,"$5,348,007 ",Rookie
Chicago Bulls,2019,Coby White,19,PG,"$5,307,120 ",Rookie
Chicago Bulls,2019,Lauri Markkanen,22,PF,"$5,300,400 ",Rookie
Chicago Bulls,2019,Wendell Carter Jr.,20,PF,"$5,201,400 ",Rookie
Chicago Bulls,2019,Denzel Valentine,25,SG,"$3,377,569 ",Rookie
Chicago Bulls,2019,Ryan Arcidiacono,25,PG,"$3,000,000 ",Cap Space
Chicago Bulls,2019,Chandler Hutchison,23,SF,"$2,332,320 ",Rookie
Chicago Bulls,2019,Luke Kornet,24,PF,"$2,250,000 ",Room
Chicago Bulls,2019,Daniel Gafford,20,PF,"$898,310 ",Cap Space
Chicago Bulls,2019,Shaquille Harrison,25,PG,"$898,310 ",Minimum
Cleveland Cavaliers,2018,Kevin Love,30,C,"$24,119,025 ",Bird
Cleveland Cavaliers,2018,Tristan Thompson,27,C,"$17,469,565 ",Bird
Cleveland Cavaliers,2018,J.R. Smith,33,SG,"$14,720,000 ",Bird
Cleveland Cavaliers,2018,Brandon Knight,26,PG,"$14,631,250 ",Bird
Cleveland Cavaliers,2018,Jordan Clarkson,26,PG,"$12,500,000 ",Early Bird
Cleveland Cavaliers,2018,John Henson,27,PF,"$11,327,466 ",Bird
Cleveland Cavaliers,2018,Matthew Dellavedova,28,PG,"$9,607,500 ",Cap Space
Cleveland Cavaliers,2018,Collin Sexton,19,PG,"$4,068,600 ",Rookie
Cleveland Cavaliers,2018,Marquese Chriss,21,PF,"$3,206,160 ",Rookie
Cleveland Cavaliers,2018,Cedi Osman,23,SF,"$2,775,000 ",T-MLE
Cleveland Cavaliers,2018,Larry Nance Jr.,25,PF,"$2,272,391 ",Rookie
Cleveland Cavaliers,2018,Ante Zizic,21,C,"$1,952,760 ",Rookie
Cleveland Cavaliers,2018,Channing Frye,35,PF,"$1,512,601 ",Minimum
Cleveland Cavaliers,2018,David Nwaba,25,SG,"$1,512,601 ",Minimum
Cleveland Cavaliers,2018,Nik Stauskas,24,SG,"$504,200 ",Minimum
Cleveland Cavaliers,2019,Kevin Love,31,C,"$28,942,830 ",Bird
Cleveland Cavaliers,2019,Andre Drummond,26,C,"$27,950,199 ",Bird
Cleveland Cavaliers,2019,Tristan Thompson,28,C,"$18,539,130 ",Bird
Cleveland Cavaliers,2019,Larry Nance Jr.,26,PF,"$12,727,273 ",Bird
Cleveland Cavaliers,2019,Matthew Dellavedova,29,PG,"$9,607,500 ",Cap Space
Cleveland Cavaliers,2019,Dante Exum,24,PG,"$9,600,000 ",Bird
Cleveland Cavaliers,2019,Darius Garland,19,PG,"$6,400,920 ",Rookie
Cleveland Cavaliers,2019,Collin Sexton,20,PG,"$4,764,960 ",Rookie
Cleveland Cavaliers,2019,Cedi Osman,24,SF,"$2,907,143 ",T-MLE
Cleveland Cavaliers,2019,Ante Zizic,22,C,"$2,281,800 ",Rookie
Cleveland Cavaliers,2019,Dylan Windler,23,SF,"$2,035,800 ",Rookie
Cleveland Cavaliers,2019,Alfonzo McKinnie,27,PF,"$1,500,000 ",NT-MLE
Cleveland Cavaliers,2019,Kevin Porter Jr.,19,SG,"$1,290,960 ",Rookie
Cleveland Cavaliers,2019,Dean Wade,22,PF,"$375,000 ",NT-MLE
Cleveland Cavaliers,2019,Jordan Bell,24,C,"$250,000 ",Minimum
Dallas Mavericks,2018,Tim Hardaway Jr.,26,SG,"$19,200,127 ",Cap Space
Dallas Mavericks,2018,Courtney Lee,32,SG,"$12,253,780 ",Cap Space
Dallas Mavericks,2018,Dwight Powell,27,PF,"$9,631,250 ",Cap Space
Dallas Mavericks,2018,Luka Doncic,19,PG,"$6,560,640 ",Rookie
Dallas Mavericks,2018,Kristaps Porzingis,23,PF,"$5,697,054 ",Rookie
Dallas Mavericks,2018,Dirk Nowitzki,40,PF,"$5,000,000 ",Cap Space
Dallas Mavericks,2018,Jose Barea,34,PG,"$3,710,850 ",Cap Space
Dallas Mavericks,2018,Justin Jackson,23,SF,"$2,807,880 ",Rookie
Dallas Mavericks,2018,Trey Burke,25,PG,"$1,795,015 ",Minimum
Dallas Mavericks,2018,Dorian Finney-Smith,25,SF,"$1,544,951 ",Cap Space
Dallas Mavericks,2018,Devin Harris,35,PG,"$1,512,601 ",Minimum
Dallas Mavericks,2018,Maxi Kleber,26,PF,"$1,378,242 ",Minimum
Dallas Mavericks,2018,Jalen Brunson,22,PG,"$1,230,000 ",Cap Space
Dallas Mavericks,2018,Ryan Broekhoff,28,SF,"$838,464 ",Cap Space
Dallas Mavericks,2018,Salah Mejri,32,C,"$512,746 ",Minimum
Dallas Mavericks,2019,Kristaps Porzingis,24,PF,"$27,285,000 ",Bird
Dallas Mavericks,2019,Tim Hardaway Jr.,27,SG,"$20,025,127 ",Cap Space
Dallas Mavericks,2019,Courtney Lee,33,SG,"$12,759,670 ",Cap Space
Dallas Mavericks,2019,Dwight Powell,28,PF,"$10,259,375 ",Cap Space
Dallas Mavericks,2019,Delon Wright,27,PG,"$9,473,684 ",Sign-and-Trade
Dallas Mavericks,2019,Maxi Kleber,27,PF,"$8,000,000 ",Early Bird
Dallas Mavericks,2019,Luka Doncic,20,PG,"$7,683,360 ",Rookie
Dallas Mavericks,2019,Seth Curry,29,SG,"$7,461,380 ",NT-MLE
Dallas Mavericks,2019,Dorian Finney-Smith,26,SF,"$4,000,000 ",Bird
Dallas Mavericks,2019,Boban Marjanovic,31,C,"$3,500,000 ",Bi-Annual
Dallas Mavericks,2019,Justin Jackson,24,SF,"$3,280,920 ",Rookie
Dallas Mavericks,2019,Jose Barea,35,PG,"$1,620,564 ",Minimum
Dallas Mavericks,2019,Jalen Brunson,23,PG,"$1,416,852 ",Cap Space
Dallas Mavericks,2019,Michael Kidd-Gilchrist,26,SF,"$604,278 ",Minimum
Dallas Mavericks,2019,Ryan Broekhoff,29,SF,"$163,356 ",Minimum
Denver Nuggets,2018,Paul Millsap,33,PF,"$29,230,769 ",Cap Space
Denver Nuggets,2018,Nikola Jokic,23,C,"$25,467,250 ",Bird
Denver Nuggets,2018,Gary Harris,24,SG,"$16,517,857 ",Bird
Denver Nuggets,2018,Mason Plumlee,28,C,"$12,917,808 ",Bird
Denver Nuggets,2018,Will Barton,27,SG,"$11,830,358 ",Bird
Denver Nuggets,2018,Jamal Murray,21,PG,"$3,499,800 ",Rookie
Denver Nuggets,2018,Trey Lyles,22,PF,"$3,364,249 ",Rookie
Denver Nuggets,2018,Michael Porter Jr.,20,PF,"$2,894,160 ",Rookie
Denver Nuggets,2018,Juan Hernangomez,23,PF,"$2,166,360 ",Rookie
Denver Nuggets,2018,Torrey Craig,27,SF,"$2,000,000 ",Cap Space
Denver Nuggets,2018,Tyler Lydon,22,PF,"$1,874,640 ",Rookie
Denver Nuggets,2018,Malik Beasley,21,SG,"$1,773,840 ",Rookie
Denver Nuggets,2018,Isaiah Thomas,29,PG,"$1,512,601 ",Minimum
Denver Nuggets,2018,Monte Morris,23,PG,"$1,349,383 ",T-MLE
Denver Nuggets,2018,Jarred Vanderbilt,19,PF,"$838,464 ",Cap Space
Denver Nuggets,2019,Paul Millsap,34,PF,"$30,350,000 ",Cap Space
Denver Nuggets,2019,Nikola Jokic,24,C,"$27,504,630 ",Bird
Denver Nuggets,2019,Gary Harris,25,SG,"$17,839,286 ",Bird
Denver Nuggets,2019,Mason Plumlee,29,C,"$14,041,096 ",Bird
Denver Nuggets,2019,Will Barton,28,SG,"$12,776,786 ",Bird
Denver Nuggets,2019,Jerami Grant,25,SF,"$9,346,153 ",Bird
Denver Nuggets,2019,Jamal Murray,22,PG,"$4,444,746 ",Rookie
Denver Nuggets,2019,Michael Porter Jr.,21,PF,"$3,389,400 ",Rookie
Denver Nuggets,2019,Torrey Craig,28,SF,"$2,000,000 ",Cap Space
Denver Nuggets,2019,Noah Vonleh,24,PF,"$2,000,000 ",NT-MLE
Denver Nuggets,2019,Monte Morris,24,PG,"$1,588,231 ",T-MLE
Denver Nuggets,2019,Keita Bates-Diop,23,SF,"$1,416,852 ",NT-MLE
Denver Nuggets,2019,Vlatko Cancar,22,SF,"$898,310 ",NT-MLE
Denver Nuggets,2019,P.J. Dozier,22,PG,"$183,115 ",NT-MLE
Denver Nuggets,2019,Bol Bol,C,C,PG,SG
Detroit Pistons,2018,Blake Griffin,29,PF,"$32,088,932 ",Bird
Detroit Pistons,2018,Andre Drummond,25,C,"$25,434,263 ",Bird
Detroit Pistons,2018,Reggie Jackson,28,PG,"$17,043,478 ",Bird
Detroit Pistons,2018,Jon Leuer,29,PF,"$10,002,681 ",Cap Space
Detroit Pistons,2018,Langston Galloway,26,SG,"$7,000,000 ",NT-MLE
Detroit Pistons,2018,Ishmael Smith,30,PG,"$6,000,000 ",Cap Space
Detroit Pistons,2018,Glenn Robinson III,24,SG,"$4,075,000 ",NT-MLE
Detroit Pistons,2018,Luke Kennard,22,SG,"$3,275,280 ",Rookie
Detroit Pistons,2018,Thon Maker,21,C,"$2,799,720 ",Rookie
Detroit Pistons,2018,Wayne Ellington,30,SG,"$2,383,076 ",NT-MLE
Detroit Pistons,2018,Jose Calderon,37,PG,"$1,512,601 ",Minimum
Detroit Pistons,2018,Zaza Pachulia,34,C,"$1,512,601 ",Minimum
Detroit Pistons,2018,Sviatoslav Mykhailiuk,21,SG,"$1,487,694 ",Cap Space
Detroit Pistons,2018,Bruce Brown,22,SG,"$838,464 ",NT-MLE
Detroit Pistons,2018,Khyri Thomas,22,SG,"$838,464 ",NT-MLE
Detroit Pistons,2019,Blake Griffin,30,PF,"$34,449,964 ",Bird
Detroit Pistons,2019,Brandon Knight,27,PG,"$15,643,750 ",Bird
Detroit Pistons,2019,Tony Snell,27,SG,"$11,392,857 ",Bird
Detroit Pistons,2019,John Henson,28,PF,"$9,732,396 ",Bird
Detroit Pistons,2019,Langston Galloway,27,SG,"$7,333,333 ",NT-MLE
Detroit Pistons,2019,Derrick Rose,30,PG,"$7,317,073 ",NT-MLE
Detroit Pistons,2019,Luke Kennard,23,SG,"$3,827,160 ",Rookie
Detroit Pistons,2019,Thon Maker,22,C,"$3,569,643 ",Rookie
Detroit Pistons,2019,Sekou Doumbouya,18,SF,"$3,285,120 ",Rookie
Detroit Pistons,2019,Jordan McRae,28,SG,"$1,645,357 ",Minimum
Detroit Pistons,2019,Christian Wood,24,PF,"$1,645,357 ",Minimum
Detroit Pistons,2019,Bruce Brown,23,SG,"$1,416,852 ",NT-MLE
Detroit Pistons,2019,Sviatoslav Mykhailiuk,22,SG,"$1,416,852 ",Cap Space
Detroit Pistons,2019,Khyri Thomas,23,SG,"$1,416,852 ",NT-MLE
Detroit Pistons,2019,Justin Patton,22,C,"$183,115 ",Minimum
Golden State Warriors,2018,Stephen Curry,30,PG,"$37,457,154 ",Bird
Golden State Warriors,2018,Kevin Durant,30,SF,"$30,000,000 ",Non-Bird
Golden State Warriors,2018,Klay Thompson,28,SG,"$18,988,725 ",Bird
Golden State Warriors,2018,Draymond Green,28,PF,"$17,469,565 ",Bird
Golden State Warriors,2018,Andre Iguodala,34,SF,"$16,000,000 ",Bird
Golden State Warriors,2018,Shaun Livingston,33,PG,"$8,307,692 ",Bird
Golden State Warriors,2018,DeMarcus Cousins,28,C,"$5,337,000 ",T-MLE
Golden State Warriors,2018,Jacob Evans,21,SF,"$1,644,240 ",Rookie
Golden State Warriors,2018,Quinn Cook,25,PG,"$1,544,951 ",Minimum
Golden State Warriors,2018,Damian Jones,23,C,"$1,544,951 ",Rookie
Golden State Warriors,2018,Jonas Jerebko,31,PF,"$1,512,601 ",Minimum
Golden State Warriors,2018,Kevon Looney,22,SF,"$1,512,601 ",Minimum
Golden State Warriors,2018,Jordan Bell,23,C,"$1,378,242 ",Minimum
Golden State Warriors,2018,Alfonzo McKinnie,26,PF,"$1,349,383 ",Minimum
Golden State Warriors,2018,Andrew Bogut,33,C,"$307,648 ",Minimum
Golden State Warriors,2019,Stephen Curry,31,PG,"$40,231,758 ",Bird
Golden State Warriors,2019,Klay Thompson,29,SG,"$32,742,000 ",Bird
Golden State Warriors,2019,Andrew Wiggins,24,SF,"$27,504,630 ",Bird
Golden State Warriors,2019,Draymond Green,29,PF,"$18,539,130 ",Bird
Golden State Warriors,2019,Kevon Looney,23,C,"$4,464,286 ",Bird
Golden State Warriors,2019,Jordan Poole,20,SG,"$1,964,760 ",Rookie
Golden State Warriors,2019,Eric Paschall,22,PF,"$898,310 ",NT-MLE
Golden State Warriors,2019,Alen Smailagic,19,PF,"$898,310 ",NT-MLE
Golden State Warriors,2019,Damion Lee,26,SG,"$842,327 ",NT-MLE
Golden State Warriors,2019,Marquese Chriss,22,PF,"$654,468 ",Minimum
Golden State Warriors,2019,Ky Bowman,22,SG,"$350,189 ",NT-MLE
Golden State Warriors,2019,Juan Toscano-Anderson,26,SF,"$350,189 ",NT-MLE
Golden State Warriors,2019,Mychal Mulder,25,G,"$187,782 ",NT-MLE
Golden State Warriors,2019,Dragan Bender,21,PF,"$91,557 ",Minimum
Golden State Warriors,2019,Dragan Bender,PF,,"$94,850",-
Houston Rockets,2018,Chris Paul,33,PG,"$35,654,150 ",Bird
Houston Rockets,2018,James Harden,29,SG,"$30,421,854 ",Cap Space
Houston Rockets,2018,Clint Capela,24,C,"$13,793,103 ",Bird
Houston Rockets,2018,Eric Gordon,29,SG,"$13,500,375 ",Cap Space
Houston Rockets,2018,Iman Shumpert,28,SG,"$11,011,236 ",Bird
Houston Rockets,2018,P.J. Tucker,33,SF,"$7,969,537 ",NT-MLE
Houston Rockets,2018,Nene Hilario,36,C,"$3,651,480 ",Non-Bird
Houston Rockets,2018,Gerald Green,32,SG,"$1,512,601 ",Minimum
Houston Rockets,2018,Austin Rivers,26,SG,"$922,943 ",Minimum
Houston Rockets,2018,Isaiah Hartenstein,20,PF,"$838,464 ",T-MLE
Houston Rockets,2018,Kenneth Faried,28,PF,"$683,661 ",Minimum
Houston Rockets,2018,Gary Clark,23,SF,"$596,872 ",T-MLE
Houston Rockets,2018,Danuel House,25,SF,"$247,827 ",Minimum
Houston Rockets,2018,Chris Chiozza,22,PG,"$90,005 ",Minimum
Houston Rockets,2018,Michael Frazier,24,SG,"$23,685 ",T-MLE
Houston Rockets,2019,Russell Westbrook,30,PG,"$38,506,482 ",Bird
Houston Rockets,2019,James Harden,30,SG,"$38,199,000 ",Bird
Houston Rockets,2019,Eric Gordon,30,SG,"$14,057,730 ",Cap Space
Houston Rockets,2019,Robert Covington,28,SF,"$11,301,219 ",Cap Space
Houston Rockets,2019,P.J. Tucker,34,SF,"$8,349,039 ",NT-MLE
Houston Rockets,2019,Danuel House,26,SF,"$3,540,000 ",T-MLE
Houston Rockets,2019,Austin Rivers,27,SG,"$2,174,318 ",Minimum
Houston Rockets,2019,Ben McLemore,26,SG,"$2,028,594 ",Minimum
Houston Rockets,2019,Bruno Caboclo,24,SF,"$1,845,301 ",Minimum
Houston Rockets,2019,Tyson Chandler,36,C,"$1,620,564 ",Minimum
Houston Rockets,2019,David Nwaba,26,SG,"$903,111 ",T-MLE
Houston Rockets,2019,Chris Clemons,22,PG,"$563,347 ",T-MLE
Houston Rockets,2019,DeMarre Carroll,33,SF,"$512,721 ",Minimum
Houston Rockets,2019,Jeff Green,33,SF,"$439,475 ",Minimum
Houston Rockets,2019,Luc Richard Mbah a Moute,33,PF,- ,Minimum
Indiana Pacers,2018,Victor Oladipo,26,SG,"$21,000,000 ",Bird
Indiana Pacers,2018,Thaddeus Young,30,PF,"$13,764,045 ",Bird
Indiana Pacers,2018,Tyreke Evans,29,SG,"$12,400,000 ",Cap Space
Indiana Pacers,2018,Bojan Bogdanovic,29,SF,"$10,500,000 ",Cap Space
Indiana Pacers,2018,Darren Collison,31,PG,"$10,000,000 ",Cap Space
Indiana Pacers,2018,Cory Joseph,27,PG,"$7,945,000 ",Cap Space
Indiana Pacers,2018,Doug McDermott,26,SF,"$7,333,334 ",Cap Space
Indiana Pacers,2018,Kyle O'Quinn,28,C,"$4,449,000 ",Room
Indiana Pacers,2018,Myles Turner,22,C,"$3,410,284 ",Rookie
Indiana Pacers,2018,Domantas Sabonis,22,C,"$2,659,800 ",Rookie
Indiana Pacers,2018,TJ Leaf,21,PF,"$2,407,560 ",Rookie
Indiana Pacers,2018,Aaron Holiday,22,PG,"$1,911,960 ",Rookie
Indiana Pacers,2018,Alize Johnson,22,PF,"$838,464 ",Minimum
Indiana Pacers,2018,Wesley Matthews,31,SG,"$512,746 ",Minimum
Indiana Pacers,2018,Edmond Sumner,22,PG,"$449,794 ",Minimum
Indiana Pacers,2019,Victor Oladipo,27,SG,"$21,000,000 ",Bird
Indiana Pacers,2019,Malcolm Brogdon,26,PG,"$20,000,000 ",Sign-and-Trade
Indiana Pacers,2019,Myles Turner,23,C,"$18,000,000 ",Bird
Indiana Pacers,2019,T.J. Warren,26,SF,"$10,810,000 ",Bird
Indiana Pacers,2019,Jeremy Lamb,27,SG,"$10,500,000 ",Cap Space
Indiana Pacers,2019,Doug McDermott,27,SF,"$7,333,333 ",Cap Space
Indiana Pacers,2019,Justin Holiday,30,SG,"$4,767,000 ",Room
Indiana Pacers,2019,Domantas Sabonis,23,C,"$3,529,555 ",Rookie
Indiana Pacers,2019,T.J. McConnell,27,PG,"$3,500,000 ",Cap Space
Indiana Pacers,2019,Goga Bitadze,20,C,"$2,816,760 ",Rookie
Indiana Pacers,2019,TJ Leaf,22,PF,"$2,813,280 ",Rookie
Indiana Pacers,2019,Aaron Holiday,23,PG,"$2,239,200 ",Rookie
Indiana Pacers,2019,Edmond Sumner,23,PG,"$2,000,000 ",Cap Space
Indiana Pacers,2019,JaKarr Sampson,26,SG,"$1,620,564 ",Minimum
Indiana Pacers,2019,Alize Johnson,23,PF,"$1,416,852 ",Minimum
Los Angeles Clippers,2018,Danilo Gallinari,30,SF,"$21,587,579 ",Bird
Los Angeles Clippers,2018,Wilson Chandler,31,SF,"$12,800,562 ",Bird
Los Angeles Clippers,2018,Garrett Temple,32,SG,"$8,000,000 ",Cap Space
Los Angeles Clippers,2018,Louis Williams,31,SG,"$8,000,000 ",Bird
Los Angeles Clippers,2018,JaMychal Green,28,PF,"$7,866,667 ",Bird
Los Angeles Clippers,2018,Montrezl Harrell,24,PF,"$6,000,000 ",Bird
Los Angeles Clippers,2018,Patrick Beverley,30,PG,"$5,027,027 ",Bird
Los Angeles Clippers,2018,Shai Gilgeous-Alexander,20,PG,"$3,375,360 ",Rookie
Los Angeles Clippers,2018,Jerome Robinson,21,SG,"$3,046,200 ",Rookie
Los Angeles Clippers,2018,Landry Shamet,21,PG,"$1,703,640 ",Rookie
Los Angeles Clippers,2018,Rodney McGruder,27,SG,"$1,544,951 ",Cap Space
Los Angeles Clippers,2018,Ivica Zubac,21,C,"$1,544,951 ",Cap Space
Los Angeles Clippers,2018,Sindarius Thornwell,23,SG,"$1,378,242 ",NT-MLE
Los Angeles Clippers,2018,Tyrone Wallace,24,SG,"$1,349,383 ",Minimum
Los Angeles Clippers,2018,Angel Delgado,C,PF,G,
Los Angeles Clippers,2019,Paul George,29,SF,"$33,005,556 ",Bird
Los Angeles Clippers,2019,Kawhi Leonard,28,SF,"$32,742,000 ",Cap Space
Los Angeles Clippers,2019,Marcus Morris Sr.,30,PF,"$15,000,000 ",Cap Space
Los Angeles Clippers,2019,Patrick Beverley,31,PG,"$12,345,680 ",Bird
Los Angeles Clippers,2019,Louis Williams,32,SG,"$8,000,000 ",Bird
Los Angeles Clippers,2019,Ivica Zubac,22,C,"$6,481,482 ",Bird
Los Angeles Clippers,2019,Montrezl Harrell,25,PF,"$6,000,000 ",Bird
Los Angeles Clippers,2019,Rodney McGruder,28,SG,"$4,807,693 ",Cap Space
Los Angeles Clippers,2019,JaMychal Green,29,PF,"$4,767,000 ",Room
Los Angeles Clippers,2019,Mfiondu Kabengele,22,PF,"$1,977,000 ",Rookie
Los Angeles Clippers,2019,Patrick Patterson,30,PF,"$1,620,564 ",Minimum
Los Angeles Clippers,2019,Terance Mann,22,SG,"$1,000,000 ",Minimum
Los Angeles Clippers,2019,Reggie Jackson,29,PG,"$512,721 ",Minimum
Los Angeles Clippers,2019,Joakim Noah,34,C,"$183,115 ",Minimum
Los Angeles Clippers,2019,Amir Coffey,SG,PF,C,
Los Angeles Lakers,2018,LeBron James,33,SF,"$35,654,150 ",Cap Space
Los Angeles Lakers,2018,Kentavious Caldwell-Pope,25,SG,"$12,000,000 ",Non-Bird
Los Angeles Lakers,2018,Rajon Rondo,32,PG,"$9,000,000 ",Cap Space
Los Angeles Lakers,2018,Lonzo Ball,20,PG,"$7,461,960 ",Rookie
Los Angeles Lakers,2018,Brandon Ingram,21,SF,"$5,757,120 ",Rookie
Los Angeles Lakers,2018,Mike Muscala,27,PF,"$5,000,000 ",Bird
Los Angeles Lakers,2018,Lance Stephenson,27,SG,"$4,449,000 ",Cap Space
Los Angeles Lakers,2018,Reggie Bullock,27,SG,"$2,500,000 ",Bird
Los Angeles Lakers,2018,Moritz Wagner,21,PF,"$1,762,080 ",Rookie
Los Angeles Lakers,2018,Kyle Kuzma,23,PF,"$1,689,840 ",Rookie
Los Angeles Lakers,2018,Josh Hart,23,SG,"$1,655,160 ",Rookie
Los Angeles Lakers,2018,JaVale McGee,30,C,"$1,512,601 ",Minimum
Los Angeles Lakers,2018,Tyson Chandler,35,C,"$1,333,140 ",Minimum
Los Angeles Lakers,2018,Isaac Bonga,18,PG,"$1,000,000 ",Cap Space
Los Angeles Lakers,2018,Jermerrio Jones,23,F,"$52,108 ",Minimum
Los Angeles Lakers,2019,LeBron James,34,SF,"$37,436,858 ",Cap Space
Los Angeles Lakers,2019,Anthony Davis,26,PF,"$27,093,019 ",Bird
Los Angeles Lakers,2019,Danny Green,32,SG,"$14,634,146 ",Cap Space
Los Angeles Lakers,2019,Kentavious Caldwell-Pope,26,SG,"$8,089,282 ",Cap Space
Los Angeles Lakers,2019,JaVale McGee,31,C,"$4,000,000 ",Cap Space
Los Angeles Lakers,2019,Quinn Cook,26,PG,"$3,000,000 ",Cap Space
Los Angeles Lakers,2019,Alex Caruso,25,PG,"$2,750,000 ",Room
Los Angeles Lakers,2019,Rajon Rondo,33,PG,"$2,564,753 ",Minimum
Los Angeles Lakers,2019,Kyle Kuzma,24,PF,"$1,974,600 ",Rookie
Los Angeles Lakers,2019,Markieff Morris,30,PF,"$1,750,000 ",DPE
Los Angeles Lakers,2019,Jared Dudley,34,SF,"$1,620,564 ",Minimum
Los Angeles Lakers,2019,Dwight Howard,33,C,"$1,620,564 ",Minimum
Los Angeles Lakers,2019,Talen Horton-Tucker,18,SG,"$898,310 ",Minimum
Los Angeles Lakers,2019,Dion Waiters,27,SG,"$375,385 ",Minimum
Los Angeles Lakers,2019,J.R. Smith,34,SG,- ,Minimum
Memphis Grizzlies,2018,Mike Conley,30,PG,"$30,521,115 ",Bird
Memphis Grizzlies,2018,Chandler Parsons,29,SF,"$24,107,258 ",Cap Space
Memphis Grizzlies,2018,Jonas Valanciunas,26,C,"$16,539,326 ",Bird
Memphis Grizzlies,2018,Avery Bradley,27,SG,"$12,000,000 ",Bird
Memphis Grizzlies,2018,Kyle Anderson,25,SF,"$8,641,000 ",NT-MLE
Memphis Grizzlies,2018,C.J. Miles,31,SF,"$8,333,333 ",NT-MLE
Memphis Grizzlies,2018,Jaren Jackson Jr.,19,PF,"$5,915,040 ",Rookie
Memphis Grizzlies,2018,Justin Holiday,29,SG,"$4,384,615 ",NT-MLE
Memphis Grizzlies,2018,Delon Wright,26,PG,"$2,536,898 ",Rookie
Memphis Grizzlies,2018,Dillon Brooks,22,SF,"$1,378,242 ",NT-MLE
Memphis Grizzlies,2018,Tyler Dorsey,22,SG,"$1,378,242 ",Minimum
Memphis Grizzlies,2018,Ivan Rabb,21,PF,"$1,378,242 ",NT-MLE
Memphis Grizzlies,2018,Joakim Noah,33,C,"$1,093,858 ",Minimum
Memphis Grizzlies,2018,Jevon Carter,23,PG,"$838,464 ",Minimum
Memphis Grizzlies,2018,Bruno Caboclo,23,SF,"$522,150 ",Minimum
Memphis Grizzlies,2019,Gorgui Dieng,29,C,"$16,229,213 ",Bird
Memphis Grizzlies,2019,Jonas Valanciunas,27,C,"$16,000,000 ",Bird
Memphis Grizzlies,2019,Justise Winslow,23,SF,"$13,000,000 ",Bird
Memphis Grizzlies,2019,Tyus Jones,23,PG,"$9,258,000 ",NT-MLE
Memphis Grizzlies,2019,Kyle Anderson,26,SF,"$9,073,050 ",NT-MLE
Memphis Grizzlies,2019,Ja Morant,20,PG,"$8,730,240 ",Rookie
Memphis Grizzlies,2019,Josh Jackson,22,SF,"$7,059,480 ",Rookie
Memphis Grizzlies,2019,Jaren Jackson Jr.,20,PF,"$6,927,480 ",Rookie
Memphis Grizzlies,2019,Marko Guduric,24,SG,"$2,625,000 ",Bi-Annual
Memphis Grizzlies,2019,Brandon Clarke,23,PF,"$2,478,840 ",Rookie
Memphis Grizzlies,2019,Grayson Allen,23,SG,"$2,429,400 ",Rookie
Memphis Grizzlies,2019,Dillon Brooks,23,SF,"$1,618,520 ",NT-MLE
Memphis Grizzlies,2019,De'Anthony Melton,21,PG,"$1,416,852 ",Cap Space
Memphis Grizzlies,2019,Jontay Porter,19,PF,"$197,933 ",Minimum
Memphis Grizzlies,2019,Anthony Tolliver,34,PF,"$183,115 ",Minimum
Miami Heat,2018,Hassan Whiteside,29,C,"$25,434,263 ",Cap Space
Miami Heat,2018,Ryan Anderson,30,PF,"$20,421,546 ",Cap Space
Miami Heat,2018,Goran Dragic,32,PG,"$18,109,175 ",Bird
Miami Heat,2018,James Johnson,31,PF,"$14,651,700 ",Cap Space
Miami Heat,2018,Kelly Olynyk,27,C,"$12,137,527 ",Cap Space
Miami Heat,2018,Dion Waiters,26,SG,"$11,550,000 ",Cap Space
Miami Heat,2018,Josh Richardson,25,SF,"$9,367,200 ",Bird
Miami Heat,2018,Justise Winslow,22,SF,"$3,448,926 ",Rookie
Miami Heat,2018,Edrice Adebayo,21,C,"$2,955,840 ",Rookie
Miami Heat,2018,Udonis Haslem,38,PF,"$1,512,601 ",Minimum
Miami Heat,2018,Dwyane Wade,36,SG,"$1,512,601 ",Minimum
Miami Heat,2018,Derrick Jones Jr.,21,SF,"$1,512,601 ",Minimum
Miami Heat,2018,Yante Maten,22,PF,"$14,211 ",Minimum
Miami Heat,2018,Duncan Robinson,24,PF,"$9,474 ",NT-MLE
Miami Heat,2018,Kendrick Nunn,23,SG,"$4,737 ",Minimum
Miami Heat,2019,Jimmy Butler,30,SG,"$32,742,000 ",Sign-and-Trade
Miami Heat,2019,Goran Dragic,33,PG,"$19,217,900 ",Bird
Miami Heat,2019,Andre Iguodala,35,SF,"$17,185,185 ",Bird
Miami Heat,2019,Solomon Hill,28,SF,"$12,758,781 ",Cap Space
Miami Heat,2019,Kelly Olynyk,28,C,"$12,667,886 ",Cap Space
Miami Heat,2019,Meyers Leonard,27,C,"$11,286,517 ",Bird
Miami Heat,2019,Jae Crowder,29,SF,"$7,815,533 ",Bird
Miami Heat,2019,Tyler Herro,19,SG,"$3,640,200 ",Rookie
Miami Heat,2019,Edrice Adebayo,22,C,"$3,454,080 ",Rookie
Miami Heat,2019,Derrick Jones Jr.,22,SF,"$1,645,357 ",Minimum
Miami Heat,2019,Udonis Haslem,39,PF,"$1,620,564 ",Minimum
Miami Heat,2019,Kendrick Nunn,24,SG,"$1,416,852 ",Minimum
Miami Heat,2019,Duncan Robinson,25,PF,"$1,416,852 ",NT-MLE
Miami Heat,2019,KZ Okpala,20,SF,"$898,310 ",NT-MLE
Miami Heat,2019,Chris Silva,23,F,"$466,918 ",NT-MLE
Milwaukee Bucks,2018,Giannis Antetokounmpo,23,PF,"$24,157,303 ",Bird
Milwaukee Bucks,2018,George Hill,32,PG,"$19,000,000 ",Cap Space
Milwaukee Bucks,2018,Eric Bledsoe,28,PG,"$15,000,000 ",Bird
Milwaukee Bucks,2018,Khris Middleton,27,SF,"$13,000,000 ",Bird
Milwaukee Bucks,2018,Nikola Mirotic,27,PF,"$12,500,000 ",Cap Space
Milwaukee Bucks,2018,Tony Snell,26,SG,"$10,807,143 ",Bird
Milwaukee Bucks,2018,Ersan Ilyasova,31,PF,"$7,000,000 ",NT-MLE
Milwaukee Bucks,2018,Brook Lopez,30,C,"$3,382,000 ",Bi-Annual
Milwaukee Bucks,2018,DJ Wilson,22,PF,"$2,534,280 ",Rookie
Milwaukee Bucks,2018,Donte DiVincenzo,21,SG,"$2,481,000 ",Rookie
Milwaukee Bucks,2018,Pat Connaughton,25,SG,"$1,641,000 ",NT-MLE
Milwaukee Bucks,2018,Malcolm Brogdon,25,PG,"$1,544,951 ",Cap Space
Milwaukee Bucks,2018,Sterling Brown,23,SG,"$1,378,242 ",NT-MLE
Milwaukee Bucks,2018,Pau Gasol,38,C,"$333,285 ",Minimum
Milwaukee Bucks,2018,Tim Frazier,27,PG,"$196,553 ",Minimum
Milwaukee Bucks,2019,Khris Middleton,28,SF,"$30,603,448 ",Bird
Milwaukee Bucks,2019,Giannis Antetokounmpo,24,PF,"$25,842,697 ",Bird
Milwaukee Bucks,2019,Eric Bledsoe,29,PG,"$15,625,000 ",Bird
Milwaukee Bucks,2019,Brook Lopez,31,C,"$12,093,024 ",Cap Space
Milwaukee Bucks,2019,George Hill,33,PG,"$9,133,907 ",Cap Space
Milwaukee Bucks,2019,Ersan Ilyasova,32,PF,"$7,000,000 ",NT-MLE
Milwaukee Bucks,2019,Robin Lopez,31,C,"$4,767,000 ",Room
Milwaukee Bucks,2019,DJ Wilson,23,PF,"$2,961,120 ",Rookie
Milwaukee Bucks,2019,Donte DiVincenzo,22,SG,"$2,905,800 ",Rookie
Milwaukee Bucks,2019,Wesley Matthews,32,SG,"$2,564,753 ",Minimum
Milwaukee Bucks,2019,Pat Connaughton,26,SG,"$1,723,050 ",NT-MLE
Milwaukee Bucks,2019,Kyle Korver,38,SG,"$1,620,564 ",Minimum
Milwaukee Bucks,2019,Sterling Brown,24,SG,"$1,618,520 ",NT-MLE
Milwaukee Bucks,2019,Thanasis Antetokounmpo,27,SF,"$1,445,697 ",Minimum
Milwaukee Bucks,2019,Marvin Williams,33,PF,"$604,278 ",Minimum
Minnesota Timberwolves,2018,Andrew Wiggins,23,SF,"$25,467,250 ",Bird
Minnesota Timberwolves,2018,Jeff Teague,30,PG,"$19,000,000 ",Cap Space
Minnesota Timberwolves,2018,Gorgui Dieng,28,C,"$15,170,787 ",Bird
Minnesota Timberwolves,2018,Taj Gibson,33,PF,"$14,000,000 ",Cap Space
Minnesota Timberwolves,2018,Robert Covington,27,SF,"$10,464,092 ",Cap Space
Minnesota Timberwolves,2018,Jerryd Bayless,30,PG,"$8,575,916 ",Cap Space
Minnesota Timberwolves,2018,Karl-Anthony Towns,22,C,"$7,839,435 ",Rookie
Minnesota Timberwolves,2018,Anthony Tolliver,33,PF,"$5,750,000 ",NT-MLE
Minnesota Timberwolves,2018,Dario Saric,24,PF,"$2,526,840 ",Rookie
Minnesota Timberwolves,2018,Tyus Jones,22,PG,"$2,444,053 ",Rookie
Minnesota Timberwolves,2018,Josh Okogie,20,SG,"$2,160,720 ",Rookie
Minnesota Timberwolves,2018,Luol Deng,33,SF,"$1,512,601 ",Minimum
Minnesota Timberwolves,2018,Derrick Rose,29,PG,"$1,512,601 ",Minimum
Minnesota Timberwolves,2018,Keita Bates-Diop,22,SF,"$838,464 ",NT-MLE
Minnesota Timberwolves,2018,Cam Reynolds,23,F,"$108,953 ",Minimum
Minnesota Timberwolves,2019,D'Angelo Russell,23,PG,"$27,285,000 ",Sign-and-Trade
Minnesota Timberwolves,2019,Karl-Anthony Towns,23,C,"$27,285,000 ",Bird
Minnesota Timberwolves,2019,Evan Turner,30,SF,"$18,606,557 ",Cap Space
Minnesota Timberwolves,2019,James Johnson,32,PF,"$15,129,400 ",Cap Space
Minnesota Timberwolves,2019,Jarrett Culver,20,SF,"$5,813,640 ",Rookie
Minnesota Timberwolves,2019,Jake Layman,25,SF,"$3,581,986 ",Sign-and-Trade
Minnesota Timberwolves,2019,Juan Hernangomez,24,PF,"$3,321,030 ",Rookie
Minnesota Timberwolves,2019,Malik Beasley,22,SG,"$2,731,714 ",Rookie
Minnesota Timberwolves,2019,Josh Okogie,21,SG,"$2,530,680 ",Rookie
Minnesota Timberwolves,2019,Jacob Evans,22,SG,"$1,925,880 ",Rookie
Minnesota Timberwolves,2019,Omari Spellman,22,PF,"$1,897,800 ",Rookie
Minnesota Timberwolves,2019,Jarred Vanderbilt,20,PF,"$1,416,852 ",Cap Space
Minnesota Timberwolves,2019,Jaylen Nowell,20,SG,"$1,400,000 ",NT-MLE
Minnesota Timberwolves,2019,Naz Reid,20,PF,"$898,310 ",NT-MLE
Minnesota Timberwolves,2019,Kelan Martin,SF,PG,SG,"$17,818,456"
New Orleans Pelicans,2018,Jrue Holiday,28,PG,"$25,976,111 ",Bird
New Orleans Pelicans,2018,Anthony Davis,25,PF,"$25,434,263 ",Bird
New Orleans Pelicans,2018,Solomon Hill,27,SF,"$12,252,928 ",Cap Space
New Orleans Pelicans,2018,E'Twaun Moore,29,SG,"$8,808,685 ",Cap Space
New Orleans Pelicans,2018,Julius Randle,23,PF,"$8,641,000 ",NT-MLE
New Orleans Pelicans,2018,Stanley Johnson,22,SF,"$3,940,402 ",Rookie
New Orleans Pelicans,2018,Elfrid Payton,24,PG,"$3,000,000 ",Bi-Annual
New Orleans Pelicans,2018,Darius Miller,28,SF,"$2,205,000 ",NT-MLE
New Orleans Pelicans,2018,Jahlil Okafor,22,C,"$1,567,007 ",Minimum
New Orleans Pelicans,2018,Cheick Diallo,22,PF,"$1,544,951 ",Cap Space
New Orleans Pelicans,2018,Ian Clark,27,SG,"$1,512,601 ",Minimum
New Orleans Pelicans,2018,Christian Wood,23,PF,"$1,512,601 ",Minimum
New Orleans Pelicans,2018,Frank Jackson,20,PG,"$1,378,242 ",NT-MLE
New Orleans Pelicans,2018,Kenrich Williams,23,SF,"$838,464 ",Minimum
New Orleans Pelicans,2018,Dairis Bertans,29,SG,"$194,220 ",Minimum
New Orleans Pelicans,2019,Jrue Holiday,29,PG,"$26,231,111 ",Bird
New Orleans Pelicans,2019,Derrick Favors,28,PF,"$17,650,000 ",Bird
New Orleans Pelicans,2019,J.J. Redick,35,SG,"$13,486,300 ",Cap Space
New Orleans Pelicans,2019,Zion Williamson,19,PF,"$9,757,440 ",Rookie
New Orleans Pelicans,2019,Lonzo Ball,21,PG,"$8,719,320 ",Rookie
New Orleans Pelicans,2019,E'Twaun Moore,30,SG,"$8,664,928 ",Cap Space
New Orleans Pelicans,2019,Brandon Ingram,22,SF,"$7,265,485 ",Rookie
New Orleans Pelicans,2019,Darius Miller,29,SF,"$7,250,000 ",Early Bird
New Orleans Pelicans,2019,Jaxson Hayes,19,C,"$4,862,040 ",Rookie
New Orleans Pelicans,2019,Nicolo Melli,28,PF,"$4,102,564 ",Room
New Orleans Pelicans,2019,Nickeil Alexander-Walker,21,SG,"$2,964,840 ",Rookie
New Orleans Pelicans,2019,Josh Hart,24,SG,"$1,934,160 ",Rookie
New Orleans Pelicans,2019,Jahlil Okafor,23,C,"$1,702,486 ",Minimum
New Orleans Pelicans,2019,Frank Jackson,21,PG,"$1,618,520 ",NT-MLE
New Orleans Pelicans,2019,Kenrich Williams,24,SF,"$1,416,852 ",Minimum
New York Knicks,2018,DeAndre Jordan,30,C,"$22,897,200 ",Cap Space
New York Knicks,2018,Lance Thomas,30,SF,"$7,119,650 ",Early Bird
New York Knicks,2018,Mario Hezonja,23,SG,"$6,500,000 ",NT-MLE
New York Knicks,2018,Emmanuel Mudiay,22,PG,"$4,294,480 ",Rookie
New York Knicks,2018,Frank Ntilikina,20,PG,"$4,155,720 ",Rookie
New York Knicks,2018,Dennis Smith Jr.,20,PG,"$3,819,960 ",Rookie
New York Knicks,2018,Kevin Knox,19,SF,"$3,739,920 ",Rookie
New York Knicks,2018,Allonzo Trier,22,SG,"$3,382,000 ",Bi-Annual
New York Knicks,2018,Luke Kornet,23,PF,"$1,619,260 ",Non-Bird
New York Knicks,2018,Noah Vonleh,23,PF,"$1,512,601 ",Minimum
New York Knicks,2018,Mitchell Robinson,20,C,"$1,485,440 ",NT-MLE
New York Knicks,2018,Damyean Dotson,24,SG,"$1,378,242 ",Minimum
New York Knicks,2018,John Jenkins,27,SG,"$486,520 ",Minimum
New York Knicks,2018,Henry Ellenson,21,PF,"$341,831 ",Minimum
New York Knicks,2018,Billy Garrett,23,SG,"$42,634 ",Minimum
New York Knicks,2019,Julius Randle,24,PF,"$18,000,000 ",Cap Space
New York Knicks,2019,Bobby Portis,24,PF,"$15,000,000 ",Cap Space
New York Knicks,2019,Maurice Harkless,26,SF,"$11,011,236 ",Bird
New York Knicks,2019,Taj Gibson,34,PF,"$9,000,000 ",Cap Space
New York Knicks,2019,Wayne Ellington,31,SG,"$8,000,000 ",Cap Space
New York Knicks,2019,Elfrid Payton,25,PG,"$8,000,000 ",Cap Space
New York Knicks,2019,R.J. Barrett,19,SF,"$7,839,960 ",Rookie
New York Knicks,2019,Frank Ntilikina,21,PG,"$4,855,800 ",Rookie
New York Knicks,2019,Dennis Smith Jr.,21,PG,"$4,463,640 ",Rookie
New York Knicks,2019,Kevin Knox,20,SF,"$4,380,120 ",Rookie
New York Knicks,2019,Reggie Bullock,28,SG,"$4,000,000 ",Room
New York Knicks,2019,Damyean Dotson,25,SG,"$1,618,520 ",Minimum
New York Knicks,2019,Mitchell Robinson,21,C,"$1,559,712 ",NT-MLE
New York Knicks,2019,Theo Pinson,23,SG,"$1,445,697 ",Minimum
New York Knicks,2019,Ignas Brazdeikis,20,SF,"$898,310 ",Cap Space
Oklahoma City Thunder,2018,Russell Westbrook,29,PG,"$35,654,150 ",Bird
Oklahoma City Thunder,2018,Paul George,28,SF,"$30,560,700 ",Bird
Oklahoma City Thunder,2018,Steven Adams,25,C,"$24,157,303 ",Bird
Oklahoma City Thunder,2018,Dennis Schröder,25,PG,"$15,500,000 ",Bird
Oklahoma City Thunder,2018,Andre Roberson,26,SG,"$10,000,000 ",Bird
Oklahoma City Thunder,2018,Jerami Grant,24,SF,"$8,653,847 ",Bird
Oklahoma City Thunder,2018,Patrick Patterson,29,PF,"$5,451,600 ",T-MLE
Oklahoma City Thunder,2018,Terrance Ferguson,20,SG,"$2,118,840 ",Rookie
Oklahoma City Thunder,2018,Nerlens Noel,24,C,"$1,757,429 ",Minimum
Oklahoma City Thunder,2018,Raymond Felton,34,PG,"$1,512,601 ",Minimum
Oklahoma City Thunder,2018,Abdel Nader,25,SF,"$1,378,242 ",Cap Space
Oklahoma City Thunder,2018,Hamidou Diallo,20,SG,"$838,464 ",T-MLE
Oklahoma City Thunder,2018,Markieff Morris,29,PF,"$427,289 ",Minimum
Oklahoma City Thunder,2018,Deonte Burton,24,SF,"$151,587 ",Minimum
Oklahoma City Thunder,2018,Jawun Evans,PG,PF,SF,
Oklahoma City Thunder,2019,Chris Paul,34,PG,"$38,506,482 ",Bird
Oklahoma City Thunder,2019,Steven Adams,26,C,"$25,842,697 ",Bird
Oklahoma City Thunder,2019,Danilo Gallinari,31,SF,"$22,615,559 ",Bird
Oklahoma City Thunder,2019,Dennis Schröder,26,PG,"$15,500,000 ",Bird
Oklahoma City Thunder,2019,Andre Roberson,27,SG,"$10,740,740 ",Bird
Oklahoma City Thunder,2019,Shai Gilgeous-Alexander,21,PG,"$3,952,920 ",Rookie
Oklahoma City Thunder,2019,Terrance Ferguson,21,SG,"$2,475,840 ",Rookie
Oklahoma City Thunder,2019,Darius Bazley,19,SF,"$2,284,800 ",Rookie
Oklahoma City Thunder,2019,Mike Muscala,28,PF,"$2,028,594 ",Minimum
Oklahoma City Thunder,2019,Nerlens Noel,25,C,"$1,620,564 ",Minimum
Oklahoma City Thunder,2019,Abdel Nader,26,SF,"$1,618,520 ",Cap Space
Oklahoma City Thunder,2019,Isaiah Roby,21,PF,"$1,500,000 ",NT-MLE
Oklahoma City Thunder,2019,Deonte Burton,25,SF,"$1,416,852 ",Minimum
Oklahoma City Thunder,2019,Hamidou Diallo,21,SG,"$1,416,852 ",T-MLE
Oklahoma City Thunder,2019,Luguentz Dort,20,SG,"$155,647 ",Minimum
Orlando Magic,2018,Aaron Gordon,23,PF,"$21,590,909 ",Bird
Orlando Magic,2018,Evan Fournier,25,SG,"$17,000,000 ",Bird
Orlando Magic,2018,Timofey Mozgov,32,C,"$16,000,000 ",Cap Space
Orlando Magic,2018,Nikola Vucevic,27,C,"$13,250,000 ",Bird
Orlando Magic,2018,Terrence Ross,27,SG,"$10,500,000 ",Bird
Orlando Magic,2018,Markelle Fultz,20,PG,"$8,339,880 ",Rookie
Orlando Magic,2018,D.J. Augustin,30,PG,"$7,250,000 ",Cap Space
Orlando Magic,2018,Jonathan Isaac,20,PF,"$4,969,080 ",Rookie
Orlando Magic,2018,Mohamed Bamba,20,C,"$4,865,040 ",Rookie
Orlando Magic,2018,Jerian Grant,25,PG,"$2,639,314 ",Rookie
Orlando Magic,2018,Jarell Martin,24,PF,"$2,416,222 ",Rookie
Orlando Magic,2018,Khem Birch,26,C,"$1,378,242 ",Minimum
Orlando Magic,2018,Wesley Iwundu,23,SF,"$1,378,242 ",Cap Space
Orlando Magic,2018,Melvin Frazier,22,SF,"$1,050,000 ",NT-MLE
Orlando Magic,2018,Michael Carter-Williams,26,PG,"$59,820 ",Minimum
Orlando Magic,2019,Nikola Vucevic,28,C,"$28,000,000 ",Bird
Orlando Magic,2019,Aaron Gordon,24,PF,"$19,863,636 ",Bird
Orlando Magic,2019,Evan Fournier,26,SG,"$17,150,000 ",Bird
Orlando Magic,2019,Terrence Ross,28,SG,"$12,500,000 ",Bird
Orlando Magic,2019,Markelle Fultz,21,PG,"$9,745,200 ",Rookie
Orlando Magic,2019,Al-Farouq Aminu,29,PF,"$9,258,000 ",NT-MLE
Orlando Magic,2019,D.J. Augustin,31,PG,"$7,250,000 ",Cap Space
Orlando Magic,2019,Jonathan Isaac,21,PF,"$5,806,440 ",Rookie
Orlando Magic,2019,Mohamed Bamba,21,C,"$5,697,600 ",Rookie
Orlando Magic,2019,Khem Birch,27,C,"$3,000,000 ",Early Bird
Orlando Magic,2019,James Ennis III,29,SF,"$1,882,867 ",Minimum
Orlando Magic,2019,Michael Carter-Williams,27,PG,"$1,620,564 ",Minimum
Orlando Magic,2019,Wesley Iwundu,24,SF,"$1,618,520 ",Cap Space
Orlando Magic,2019,Melvin Frazier,23,SF,"$1,416,852 ",NT-MLE
Orlando Magic,2019,Gary Clark,24,SF,"$555,409 ",Minimum
Philadelphia 76ers,2018,Joel Embiid,24,C,"$25,467,250 ",Bird
Philadelphia 76ers,2018,Jimmy Butler,29,SG,"$20,445,779 ",Bird
Philadelphia 76ers,2018,Tobias Harris,26,SF,"$14,800,000 ",Bird
Philadelphia 76ers,2018,J.J. Redick,34,SG,"$12,250,000 ",Cap Space
Philadelphia 76ers,2018,Boban Marjanovic,30,C,"$7,000,000 ",Cap Space
Philadelphia 76ers,2018,Ben Simmons,22,PG,"$6,434,520 ",Rookie
Philadelphia 76ers,2018,Jonathon Simmons,29,SF,"$6,000,000 ",Cap Space
Philadelphia 76ers,2018,Mike Scott,30,PF,"$4,320,500 ",NT-MLE
Philadelphia 76ers,2018,Zhaire Smith,19,SG,"$2,611,800 ",Rookie
Philadelphia 76ers,2018,Furkan Korkmaz,21,SG,"$1,740,000 ",Rookie
Philadelphia 76ers,2018,Jonah Bolden,22,SF,"$1,690,000 ",Cap Space
Philadelphia 76ers,2018,James Ennis III,28,SF,"$1,621,415 ",Minimum
Philadelphia 76ers,2018,T.J. McConnell,26,PG,"$1,600,520 ",Minimum
Philadelphia 76ers,2018,Amir Johnson,31,C,"$1,512,601 ",Minimum
Philadelphia 76ers,2018,Greg Monroe,28,C,"$59,820 ",Minimum
Philadelphia 76ers,2019,Tobias Harris,27,SF,"$32,742,000 ",Bird
Philadelphia 76ers,2019,Al Horford,33,C,"$28,000,000 ",Cap Space
Philadelphia 76ers,2019,Joel Embiid,25,C,"$27,504,630 ",Bird
Philadelphia 76ers,2019,Josh Richardson,26,SF,"$10,116,576 ",Bird
Philadelphia 76ers,2019,Ben Simmons,23,PG,"$8,113,930 ",Rookie
Philadelphia 76ers,2019,Mike Scott,31,PF,"$4,767,000 ",Room
Philadelphia 76ers,2019,Zhaire Smith,20,SG,"$3,058,800 ",Rookie
Philadelphia 76ers,2019,Matisse Thybulle,22,SF,"$2,582,160 ",Rookie
Philadelphia 76ers,2019,Alec Burks,28,SG,"$1,620,564 ",Minimum
Philadelphia 76ers,2019,Kyle O'Quinn,29,C,"$1,620,564 ",Minimum
Philadelphia 76ers,2019,Glenn Robinson III,25,SG,"$1,620,564 ",Minimum
Philadelphia 76ers,2019,Raul Neto,27,PG,"$1,620,564 ",Minimum
Philadelphia 76ers,2019,Furkan Korkmaz,22,SG,"$1,620,564 ",Minimum
Philadelphia 76ers,2019,Shake Milton,23,PG,"$1,445,697 ",Cap Space
Philadelphia 76ers,2019,Norvel Pelle,26,PF,"$350,189 ",Minimum
Phoenix Suns,2018,Tyler Johnson,26,SG,"$19,245,370 ",Cap Space
Phoenix Suns,2018,T.J. Warren,25,SF,"$11,750,000 ",Bird
Phoenix Suns,2018,Deandre Ayton,20,C,"$8,165,160 ",Rookie
Phoenix Suns,2018,Josh Jackson,21,SF,"$6,041,520 ",Rookie
Phoenix Suns,2018,Dragan Bender,20,PF,"$4,661,280 ",Rookie
Phoenix Suns,2018,Mikal Bridges,22,SF,"$3,552,960 ",Rookie
Phoenix Suns,2018,Devin Booker,21,SG,"$3,314,365 ",Rookie
Phoenix Suns,2018,Troy Daniels,27,SG,"$3,258,549 ",Cap Space
Phoenix Suns,2018,Kelly Oubre Jr.,22,SF,"$3,208,630 ",Rookie
Phoenix Suns,2018,Richaun Holmes,24,PF,"$1,600,520 ",Cap Space
Phoenix Suns,2018,Jamal Crawford,38,SG,"$1,512,601 ",Minimum
Phoenix Suns,2018,Élie Okobo,20,PG,"$1,238,464 ",Cap Space
Phoenix Suns,2018,De'Anthony Melton,20,PG,"$949,000 ",Cap Space
Phoenix Suns,2018,Ray Spalding,21,PF,"$184,746 ",Minimum
Phoenix Suns,2018,Jimmer Fredette,29,PG,"$170,915 ",Minimum
Phoenix Suns,2019,Devin Booker,22,SG,"$27,285,000 ",Bird
Phoenix Suns,2019,Ricky Rubio,28,PG,"$16,200,000 ",Cap Space
Phoenix Suns,2019,Kelly Oubre Jr.,23,SF,"$15,625,000 ",Bird
Phoenix Suns,2019,Deandre Ayton,21,C,"$9,562,920 ",Rookie
Phoenix Suns,2019,Aron Baynes,32,C,"$5,453,280 ",Non-Bird
Phoenix Suns,2019,Frank Kaminsky,26,PF,"$4,767,000 ",Room
Phoenix Suns,2019,Mikal Bridges,23,SF,"$4,161,000 ",Rookie
Phoenix Suns,2019,Cameron Johnson,23,SF,"$4,033,440 ",Rookie
Phoenix Suns,2019,Dario Saric,25,PF,"$3,481,986 ",Rookie
Phoenix Suns,2019,Ty Jerome,22,PG,"$2,193,480 ",Rookie
Phoenix Suns,2019,Cheick Diallo,23,PF,"$1,678,854 ",Minimum
Phoenix Suns,2019,Jevon Carter,24,PG,"$1,416,852 ",Minimum
Phoenix Suns,2019,Élie Okobo,21,PG,"$1,416,852 ",Cap Space
Phoenix Suns,2019,Jalen Lecque,19,PG,"$898,310 ",Cap Space
Phoenix Suns,2019,Cameron Payne,25,PG,"$196,288 ",Minimum
Portland Trail Blazers,2018,Damian Lillard,28,PG,"$27,977,689 ",Bird
Portland Trail Blazers,2018,C.J. McCollum,27,SG,"$25,759,766 ",Bird
Portland Trail Blazers,2018,Evan Turner,29,SF,"$17,868,852 ",Cap Space
Portland Trail Blazers,2018,Jusuf Nurkic,24,C,"$12,361,111 ",Bird
Portland Trail Blazers,2018,Meyers Leonard,26,C,"$10,595,506 ",Bird
Portland Trail Blazers,2018,Maurice Harkless,25,SF,"$10,337,079 ",Bird
Portland Trail Blazers,2018,Al-Farouq Aminu,28,PF,"$6,957,105 ",Cap Space
Portland Trail Blazers,2018,Zach Collins,20,C,"$3,628,920 ",Rookie
Portland Trail Blazers,2018,Rodney Hood,25,SG,"$3,472,887 ",Qualifying Offer
Portland Trail Blazers,2018,Seth Curry,28,SG,"$2,795,000 ",NT-MLE
Portland Trail Blazers,2018,Anfernee Simons,19,SG,"$1,835,520 ",Rookie
Portland Trail Blazers,2018,Skal Labissiere,22,PF,"$1,544,951 ",Rookie
Portland Trail Blazers,2018,Jake Layman,24,SF,"$1,544,951 ",Cap Space
Portland Trail Blazers,2018,Gary Trent Jr.,19,SG,"$838,464 ",NT-MLE
Portland Trail Blazers,2018,Enes Kanter,26,C,"$487,109 ",Minimum
Portland Trail Blazers,2019,Damian Lillard,29,PG,"$29,802,321 ",Bird
Portland Trail Blazers,2019,C.J. McCollum,28,SG,"$27,556,959 ",Bird
Portland Trail Blazers,2019,Hassan Whiteside,30,C,"$27,093,019 ",Cap Space
Portland Trail Blazers,2019,Jusuf Nurkic,25,C,"$13,250,000 ",Bird
Portland Trail Blazers,2019,Trevor Ariza,34,SF,"$12,200,000 ",Cap Space
Portland Trail Blazers,2019,Rodney Hood,26,SG,"$5,718,000 ",T-MLE
Portland Trail Blazers,2019,Zach Collins,21,C,"$4,240,200 ",Rookie
Portland Trail Blazers,2019,Anfernee Simons,20,SG,"$2,149,560 ",Rookie
Portland Trail Blazers,2019,Nassir Little,19,SF,"$2,105,520 ",Rookie
Portland Trail Blazers,2019,Caleb Swanigan,22,PF,"$2,033,160 ",Rookie
Portland Trail Blazers,2019,Mario Hezonja,24,SG,"$1,737,145 ",Minimum
Portland Trail Blazers,2019,Wenyen Gabriel,22,PF,"$1,445,697 ",Minimum
Portland Trail Blazers,2019,Gary Trent Jr.,20,SG,"$1,416,852 ",NT-MLE
Portland Trail Blazers,2019,Carmelo Anthony,35,SF,"$1,364,204 ",Minimum
Portland Trail Blazers,2019,Jaylen Adams,23,PG,- ,Minimum
Sacramento Kings,2018,Harrison Barnes,26,SF,"$24,793,702 ",Cap Space
Sacramento Kings,2018,Alec Burks,27,SG,"$11,536,515 ",Bird
Sacramento Kings,2018,Bogdan Bogdanovic,26,SG,"$9,000,000 ",Cap Space
Sacramento Kings,2018,Kosta Koufos,29,C,"$8,739,500 ",Cap Space
Sacramento Kings,2018,Marvin Bagley III,19,PF,"$7,305,600 ",Rookie
Sacramento Kings,2018,Nemanja Bjelica,30,PF,"$6,500,000 ",Cap Space
Sacramento Kings,2018,De'Aaron Fox,20,PG,"$5,470,920 ",Rookie
Sacramento Kings,2018,Willie Cauley-Stein,25,C,"$4,696,875 ",Rookie
Sacramento Kings,2018,Buddy Hield,25,SG,"$3,833,760 ",Rookie
Sacramento Kings,2018,Yogi Ferrell,25,PG,"$3,000,000 ",Cap Space
Sacramento Kings,2018,Harry Giles,20,PF,"$2,207,040 ",Rookie
Sacramento Kings,2018,Corey Brewer,32,SG,"$2,000,000 ",Room
Sacramento Kings,2018,Caleb Swanigan,21,PF,"$1,740,000 ",Rookie
Sacramento Kings,2018,Frank Mason III,24,PG,"$1,378,242 ",Cap Space
Sacramento Kings,2018,B.J. Johnson,22,SF,"$47,371 ",Minimum
Sacramento Kings,2019,Harrison Barnes,27,SF,"$24,147,727 ",Bird
Sacramento Kings,2019,Kent Bazemore,30,SG,"$19,269,662 ",Cap Space
Sacramento Kings,2019,Cory Joseph,28,PG,"$12,000,000 ",Cap Space
Sacramento Kings,2019,Marvin Bagley III,20,PF,"$8,556,120 ",Rookie
Sacramento Kings,2019,Bogdan Bogdanovic,27,SG,"$8,529,386 ",Cap Space
Sacramento Kings,2019,Nemanja Bjelica,31,PF,"$6,825,000 ",Cap Space
Sacramento Kings,2019,Jabari Parker,24,PF,"$6,500,000 ",Cap Space
Sacramento Kings,2019,De'Aaron Fox,21,PG,"$6,392,760 ",Rookie
Sacramento Kings,2019,Buddy Hield,26,SG,"$4,861,208 ",Rookie
Sacramento Kings,2019,Richaun Holmes,25,PF,"$4,767,000 ",Room
Sacramento Kings,2019,Alex Len,26,C,"$4,160,000 ",Room
Sacramento Kings,2019,Yogi Ferrell,26,PG,"$3,150,000 ",Cap Space
Sacramento Kings,2019,Harry Giles,21,PF,"$2,578,800 ",Rookie
Sacramento Kings,2019,Justin James,22,SG,"$898,310 ",Cap Space
Sacramento Kings,2019,Corey Brewer,33,SG,"$183,115 ",Minimum
San Antonio Spurs,2018,DeMar DeRozan,29,SG,"$27,739,975 ",Bird
San Antonio Spurs,2018,LaMarcus Aldridge,33,PF,"$22,347,015 ",Cap Space
San Antonio Spurs,2018,Patrick Mills,30,PG,"$11,571,429 ",Bird
San Antonio Spurs,2018,Rudy Gay,32,SF,"$10,087,200 ",Non-Bird
San Antonio Spurs,2018,Davis Bertans,25,SF,"$7,000,000 ",Early Bird
San Antonio Spurs,2018,Marco Belinelli,32,SG,"$6,153,846 ",NT-MLE
San Antonio Spurs,2018,Bryn Forbes,25,SG,"$3,125,000 ",Early Bird
San Antonio Spurs,2018,Jakob Poeltl,22,C,"$2,947,320 ",Rookie
San Antonio Spurs,2018,Dante Cunningham,31,PF,"$2,487,000 ",NT-MLE
San Antonio Spurs,2018,Lonnie Walker IV,19,SG,"$2,357,160 ",Rookie
San Antonio Spurs,2018,Derrick White,24,PG,"$1,667,160 ",Rookie
San Antonio Spurs,2018,Dejounte Murray,22,PG,"$1,544,951 ",Rookie
San Antonio Spurs,2018,Quincy Pondexter,30,SG,"$1,512,601 ",Minimum
San Antonio Spurs,2018,Chimezie Metu,21,PF,"$838,464 ",NT-MLE
San Antonio Spurs,2018,Donatas Motiejunas,28,PF,"$59,820 ",Minimum
San Antonio Spurs,2019,DeMar DeRozan,30,SG,"$27,739,975 ",Bird
San Antonio Spurs,2019,LaMarcus Aldridge,34,PF,"$26,000,000 ",Early Bird
San Antonio Spurs,2019,Rudy Gay,33,SF,"$14,500,000 ",Early Bird
San Antonio Spurs,2019,Patrick Mills,31,PG,"$12,428,571 ",Bird
San Antonio Spurs,2019,Marco Belinelli,33,SG,"$5,846,154 ",NT-MLE
San Antonio Spurs,2019,Trey Lyles,23,PF,"$5,500,000 ",NT-MLE
San Antonio Spurs,2019,Jakob Poeltl,23,C,"$3,754,886 ",Rookie
San Antonio Spurs,2019,Bryn Forbes,26,SG,"$2,875,000 ",Early Bird
San Antonio Spurs,2019,Lonnie Walker IV,20,SG,"$2,760,480 ",Rookie
San Antonio Spurs,2019,Luka Samanic,19,PF,"$2,689,920 ",Rookie
San Antonio Spurs,2019,Dejounte Murray,23,PG,"$2,321,735 ",Rookie
San Antonio Spurs,2019,Keldon Johnson,19,SF,"$1,950,600 ",Rookie
San Antonio Spurs,2019,Derrick White,25,PG,"$1,948,080 ",Rookie
San Antonio Spurs,2019,Chimezie Metu,22,PF,"$1,416,852 ",NT-MLE
San Antonio Spurs,2019,Tyler Zeller,29,C,"$183,115 ",Minimum
Toronto Raptors,2018,Kyle Lowry,32,PG,"$32,700,000 ",Bird
Toronto Raptors,2018,Marc Gasol,33,C,"$24,119,025 ",Bird
Toronto Raptors,2018,Kawhi Leonard,27,SF,"$23,114,066 ",Bird
Toronto Raptors,2018,Serge Ibaka,29,PF,"$21,666,667 ",Bird
Toronto Raptors,2018,Danny Green,31,SG,"$10,000,000 ",Bird
Toronto Raptors,2018,Norman Powell,25,SG,"$9,367,200 ",Early Bird
Toronto Raptors,2018,Fred VanVleet,24,PG,"$8,653,847 ",Early Bird
Toronto Raptors,2018,OG Anunoby,21,SF,"$1,952,760 ",Rookie
Toronto Raptors,2018,Pascal Siakam,24,PF,"$1,544,951 ",Rookie
Toronto Raptors,2018,Patrick McCaw,22,SG,"$786,211 ",Minimum
Toronto Raptors,2018,Jeremy Lin,30,PG,"$487,109 ",Minimum
Toronto Raptors,2018,Chris Boucher,25,PF,"$457,418 ",Minimum
Toronto Raptors,2018,Malcolm Miller,25,SF,"$457,418 ",Minimum
Toronto Raptors,2018,Jodie Meeks,31,SG,"$136,732 ",Minimum
Toronto Raptors,2018,Eric Moreland,26,PF,"$17,092 ",Minimum
Toronto Raptors,2019,Kyle Lowry,33,PG,"$34,996,296 ",Bird
Toronto Raptors,2019,Marc Gasol,34,C,"$25,595,700 ",Bird
Toronto Raptors,2019,Serge Ibaka,30,PF,"$23,271,605 ",Bird
Toronto Raptors,2019,Norman Powell,26,SG,"$10,116,576 ",Early Bird
Toronto Raptors,2019,Fred VanVleet,25,PG,"$9,346,153 ",Early Bird
Toronto Raptors,2019,Patrick McCaw,23,SG,"$4,000,000 ",NT-MLE
Toronto Raptors,2019,Stanley Johnson,23,SF,"$3,623,000 ",Bi-Annual
Toronto Raptors,2019,Rondae Hollis-Jefferson,24,SF,"$2,500,000 ",NT-MLE
Toronto Raptors,2019,Pascal Siakam,25,PF,"$2,351,839 ",Rookie
Toronto Raptors,2019,OG Anunoby,22,SF,"$2,281,800 ",Rookie
Toronto Raptors,2019,Chris Boucher,26,PF,"$1,588,231 ",Minimum
Toronto Raptors,2019,Malcolm Miller,26,SF,"$1,588,231 ",Minimum
Toronto Raptors,2019,Terence Davis,22,SG,"$898,310 ",Minimum
Toronto Raptors,2019,Dewan Hernandez,22,C,"$898,310 ",NT-MLE
Toronto Raptors,2019,Matt Thomas,25,SG,"$898,310 ",NT-MLE
Utah Jazz,2018,Rudy Gobert,26,C,"$23,491,573 ",Bird
Utah Jazz,2018,Derrick Favors,27,PF,"$16,900,000 ",Bird
Utah Jazz,2018,Ricky Rubio,27,PG,"$14,975,000 ",Bird
Utah Jazz,2018,Joe Ingles,30,SF,"$13,045,455 ",Bird
Utah Jazz,2018,Dante Exum,23,PG,"$9,600,000 ",Bird
Utah Jazz,2018,Kyle Korver,37,SG,"$7,560,000 ",Bird
Utah Jazz,2018,Jae Crowder,28,SF,"$7,305,825 ",Bird
Utah Jazz,2018,Thabo Sefolosha,34,SF,"$5,250,000 ",Cap Space
Utah Jazz,2018,Ekpe Udoh,31,C,"$3,360,000 ",Room
Utah Jazz,2018,Donovan Mitchell,22,SG,"$3,111,480 ",Rookie
Utah Jazz,2018,Raul Neto,26,PG,"$2,150,000 ",Bird
Utah Jazz,2018,Grayson Allen,22,SG,"$2,074,320 ",Rookie
Utah Jazz,2018,Tony Bradley,20,C,"$1,679,520 ",Rookie
Utah Jazz,2018,Georges Niang,25,SF,"$1,512,601 ",Non-Bird
Utah Jazz,2018,Royce O'Neale,25,SF,"$1,378,242 ",Cap Space
Utah Jazz,2019,Mike Conley,31,PG,"$32,511,623 ",Bird
Utah Jazz,2019,Rudy Gobert,27,C,"$25,008,427 ",Bird
Utah Jazz,2019,Bojan Bogdanovic,30,SF,"$17,000,000 ",Cap Space
Utah Jazz,2019,Jordan Clarkson,27,PG,"$13,437,500 ",Early Bird
Utah Jazz,2019,Joe Ingles,31,SF,"$11,954,546 ",Bird
Utah Jazz,2019,Ed Davis,30,PF,"$4,767,000 ",Room
Utah Jazz,2019,Donovan Mitchell,23,SG,"$3,635,760 ",Rookie
Utah Jazz,2019,Tony Bradley,21,C,"$1,962,360 ",Rookie
Utah Jazz,2019,Georges Niang,26,SF,"$1,678,854 ",Non-Bird
Utah Jazz,2019,Emmanuel Mudiay,23,PG,"$1,620,564 ",Minimum
Utah Jazz,2019,Royce O'Neale,26,SF,"$1,618,520 ",Cap Space
Utah Jazz,2019,Nigel Williams-Goss,25,PG,"$1,500,000 ",Cap Space
Utah Jazz,2019,Miye Oni,22,SG,"$898,310 ",Cap Space
Utah Jazz,2019,Juwan Morgan,22,PF,"$746,054 ",Minimum
Utah Jazz,2019,Rayjon Tucker,22,SF,"$578,573 ",Minimum
Washington Wizards,2018,Bradley Beal,25,SG,"$25,434,263 ",Bird
Washington Wizards,2018,Jabari Parker,23,PF,"$20,000,000 ",Cap Space
Washington Wizards,2018,John Wall,28,PG,"$19,169,800 ",Bird
Washington Wizards,2018,Ian Mahinmi,31,C,"$15,944,154 ",Cap Space
Washington Wizards,2018,Trevor Ariza,33,SF,"$15,000,000 ",Cap Space
Washington Wizards,2018,Dwight Howard,32,C,"$5,337,000 ",T-MLE
Washington Wizards,2018,Tomas Satoransky,26,SG,"$3,129,187 ",Cap Space
Washington Wizards,2018,Sam Dekker,24,SF,"$2,760,095 ",Rookie
Washington Wizards,2018,Troy Brown Jr.,19,SF,"$2,749,080 ",Rookie
Washington Wizards,2018,Bobby Portis,23,PF,"$2,494,346 ",Rookie
Washington Wizards,2018,Jeff Green,32,SF,"$1,512,601 ",Minimum
Washington Wizards,2018,Thomas Bryant,21,C,"$1,378,242 ",Minimum
Washington Wizards,2018,Chasson Randle,25,PG,"$869,094 ",Minimum
Washington Wizards,2018,Jordan McRae,27,SG,"$17,092 ",Minimum
Washington Wizards,2018,Tarik Phillip,25,G,"$9,474 ",Minimum
Washington Wizards,2019,John Wall,29,PG,"$38,199,000 ",Bird
Washington Wizards,2019,Ian Mahinmi,32,C,"$15,450,051 ",Cap Space
Washington Wizards,2019,Thomas Bryant,22,C,"$8,000,000 ",Early Bird
Washington Wizards,2019,Ishmael Smith,31,PG,"$6,000,000 ",NT-MLE
Washington Wizards,2019,Rui Hachimura,21,PF,"$4,469,160 ",Rookie
Washington Wizards,2019,Jerome Robinson,22,SG,"$3,567,720 ",Rookie
Washington Wizards,2019,Troy Brown Jr.,20,SF,"$3,219,480 ",Rookie
Washington Wizards,2019,Moritz Wagner,22,PF,"$2,063,520 ",Rookie
Washington Wizards,2019,Shabazz Napier,28,PG,"$1,845,301 ",Cap Space
Washington Wizards,2019,Isaac Bonga,19,PG,"$1,416,852 ",Cap Space
Washington Wizards,2019,Gary Payton II,26,PG,"$1,052,909 ",Hardship
Washington Wizards,2019,Admiral Schofield,22,SF,"$1,000,000 ",NT-MLE
Washington Wizards,2019,Anzejs Pasecniks,23,C,"$482,144 ",NT-MLE
Washington Wizards,2019,Jerian Grant,26,PG,- ,Minimum
Washington Wizards,2019,Jarrod Uthoff,26,PF,- ,Minimum
