"","Year","Pick","Name","Team"
"1",2019,1,"Zion Williamson","New Orleans Pelicans"
"2",2019,2,"Ja Morant","Memphis Grizzlies"
"3",2019,3,"RJ Barrett","New York Knicks"
"4",2019,4,"De'Andre Hunter","Los Angeles Lakers"
"5",2019,5,"Darius Garland","Cleveland Cavaliers"
"6",2019,6,"Jarrett Culver","Phoenix Suns"
"7",2019,7,"Coby White","Chicago Bulls"
"8",2019,8,"Jaxson Hayes","Atlanta Hawks"
"9",2019,9,"Rui Hachimura","Washington Wizards"
"10",2019,10,"Cam Reddish","Atlanta Hawks"
"11",2019,11,"Cameron Johnson","Minnesota Timberwolves"
"12",2019,12,"P.J. Washington","Charlotte Hornets"
"13",2019,13,"Tyler Herro","Miami Heat"
"14",2019,14,"Romeo Langford","Boston Celtics"
"15",2019,15,"Sekou Doumbouya","Detroit Pistons"
"16",2019,16,"Chuma Okeke","Orlando Magic"
"17",2019,17,"Nickeil Alexander-Walker","Brooklyn Nets"
"18",2019,18,"Goga Bitadze","Indiana Pacers"
"19",2019,19,"Luka Samanic","San Antonio Spurs"
"20",2019,20,"Matisse Thybulle","Boston Celtics"
"21",2019,21,"Brandon Clarke","Oklahoma City Thunder"
"22",2019,22,"Grant Williams","Boston Celtics"
"23",2019,23,"Darius Bazley","Utah Jazz"
"24",2019,24,"Ty Jerome","Philadelphia 76ers"
"25",2019,25,"Nassir Little","Portland Trail Blazers"
"26",2019,26,"Dylan Windler","Cleveland Cavaliers"
"27",2019,27,"Mfiondu Kabengele","Brooklyn Nets"
"28",2019,28,"Jordan Poole","Golden State Warriors"
"29",2019,29,"Keldon Johnson","San Antonio Spurs"
"30",2019,30,"Kevin Porter Jr.","Milwaukee Bucks"
"31",2019,31,"Nicolas Claxton","Brooklyn Nets"
"32",2019,32,"KZ Okpala","Phoenix Suns"
"33",2019,33,"Carsen Edwards","Philadelphia 76ers"
"34",2019,34,"Bruno Fernando","Philadelphia 76ers"
"35",2019,35,"Marcos Louzada Silva","Atlanta Hawks"
"36",2019,36,"Cody Martin","Charlotte Hornets"
"37",2019,37,"Deividas Sirvydis","Dallas Mavericks"
"38",2019,38,"Daniel Gafford","Chicago Bulls"
"39",2019,39,"Alen Smailagic","New Orleans Pelicans"
"40",2019,40,"Justin James","Sacramento Kings"
"41",2019,41,"Eric Paschall","Golden State Warriors"
"42",2019,42,"Admiral Schofield","Philadelphia 76ers"
"43",2019,43,"Jaylen Nowell","Minnesota Timberwolves"
"44",2019,44,"Bol Bol","Miami Heat"
"45",2019,45,"Isaiah Roby","Detroit Pistons"
"46",2019,46,"Talen Horton-Tucker","Orlando Magic"
"47",2019,47,"Ignas Brazdeikis","Sacramento Kings"
"48",2019,48,"Terance Mann","LA Clippers"
"49",2019,49,"Quinndary Weatherspoon","San Antonio Spurs"
"50",2019,50,"Jarrell Brantley","Indiana Pacers"
"51",2019,51,"Tremont Waters","Boston Celtics"
"52",2019,52,"Jalen McDaniels","Charlotte Hornets"
"53",2019,53,"Justin Wright-Foreman","Utah Jazz"
"54",2019,54,"Marial Shayok","Philadelphia 76ers"
"55",2019,55,"Kyle Guy","New York Knicks"
"56",2019,56,"Jaylen Hands","LA Clippers"
"57",2019,57,"Jordan Bone","New Orleans Pelicans"
"58",2019,58,"Miye Oni","Golden State Warriors"
"59",2019,59,"Dewan Hernandez","Toronto Raptors"
"60",2019,60,"Vanja Marinkovic","Sacramento Kings"
"61",2018,1,"Deandre Ayton","Phoenix Suns"
"62",2018,2,"Marvin Bagley III","Sacramento Kings"
"63",2018,3,"Luka Doncic","Atlanta Hawks"
"64",2018,4,"Jaren Jackson Jr.","Memphis Grizzlies"
"65",2018,5,"Trae Young","Dallas Mavericks"
"66",2018,6,"Mo Bamba","Orlando Magic"
"67",2018,7,"Wendell Carter Jr.","Chicago Bulls"
"68",2018,8,"Collin Sexton","Cleveland Cavaliers"
"69",2018,9,"Kevin Knox II","New York Knicks"
"70",2018,10,"Mikal Bridges","Philadelphia 76ers"
"71",2018,11,"Shai Gilgeous-Alexander","Charlotte Hornets"
"72",2018,12,"Miles Bridges","LA Clippers"
"73",2018,13,"Jerome Robinson","LA Clippers"
"74",2018,14,"Michael Porter Jr.","Denver Nuggets"
"75",2018,15,"Troy Brown Jr.","Washington Wizards"
"76",2018,16,"Zhaire Smith","Phoenix Suns"
"77",2018,17,"Donte DiVincenzo","Milwaukee Bucks"
"78",2018,18,"Lonnie Walker IV","San Antonio Spurs"
"79",2018,19,"Kevin Huerter","Atlanta Hawks"
"80",2018,20,"Josh Okogie","Minnesota Timberwolves"
"81",2018,21,"Grayson Allen","Utah Jazz"
"82",2018,22,"Chandler Hutchison","Chicago Bulls"
"83",2018,23,"Aaron Holiday","Indiana Pacers"
"84",2018,24,"Anfernee Simons","Portland Trail Blazers"
"85",2018,25,"Moritz Wagner","Los Angeles Lakers"
"86",2018,26,"Landry Shamet","Philadelphia 76ers"
"87",2018,27,"Robert Williams III","Boston Celtics"
"88",2018,28,"Jacob Evans","Golden State Warriors"
"89",2018,29,"Dzanan Musa","Brooklyn Nets"
"90",2018,30,"Omari Spellman","Atlanta Hawks"
"91",2018,31,"Elie Okobo","Phoenix Suns"
"92",2018,32,"Jevon Carter","Memphis Grizzlies"
"93",2018,33,"Jalen Brunson","Dallas Mavericks"
"94",2018,34,"Devonte' Graham","Atlanta Hawks"
"95",2018,35,"Melvin Frazier Jr.","Orlando Magic"
"96",2018,36,"Mitchell Robinson","New York Knicks"
"97",2018,37,"Gary Trent Jr.","Sacramento Kings"
"98",2018,38,"Khyri Thomas","Philadelphia 76ers"
"99",2018,39,"Isaac Bonga","Philadelphia 76ers"
"100",2018,40,"Rodions Kurucs","Brooklyn Nets"
"101",2018,41,"Jarred Vanderbilt","Orlando Magic"
"102",2018,42,"Bruce Brown","Detroit Pistons"
"103",2018,43,"Justin Jackson","Denver Nuggets"
"104",2018,44,"Issuf Sanon","Washington Wizards"
"105",2018,45,"Hamidou Diallo","Brooklyn Nets"
"106",2018,46,"De'Anthony Melton","Houston Rockets"
"107",2018,47,"Svi Mykhailiuk","Los Angeles Lakers"
"108",2018,48,"Keita Bates-Diop","Minnesota Timberwolves"
"109",2018,49,"Chimezie Metu","Milwaukee Bucks"
"110",2018,50,"Alize Johnson","Indiana Pacers"
"111",2018,51,"Tony Carr","New Orleans Pelicans"
"112",2018,52,"Vincent Edwards","Utah Jazz"
"113",2018,53,"Devon Hall","Oklahoma City Thunder"
"114",2018,54,"Shake Milton","Dallas Mavericks"
"115",2018,55,"Arnoldas Kulboka","Charlotte Hornets"
"116",2018,56,"Ray Spalding","Philadelphia 76ers"
"117",2018,57,"Kevin Hervey","Oklahoma City Thunder"
"118",2018,58,"Thomas Welsh","Denver Nuggets"
"119",2018,59,"George King","Phoenix Suns"
"120",2018,60,"Kostas Antetokounmpo","Philadelphia 76ers"
"121",2017,1,"Markelle Fultz","Philadelphia 76ers"
"122",2017,2,"Lonzo Ball","Los Angeles Lakers"
"123",2017,3,"Jayson Tatum","Boston Celtics"
"124",2017,4,"Josh Jackson","Phoenix Suns"
"125",2017,5,"De'Aaron Fox","Sacramento Kings"
"126",2017,6,"Jonathan Isaac","Orlando Magic"
"127",2017,7,"Lauri Markkanen","Minnesota Timberwolves"
"128",2017,8,"Frank Ntilikina","New York Knicks"
"129",2017,9,"Dennis Smith Jr.","Dallas Mavericks"
"130",2017,10,"Zach Collins","Sacramento Kings"
"131",2017,11,"Malik Monk","Charlotte Hornets"
"132",2017,12,"Luke Kennard","Detroit Pistons"
"133",2017,13,"Donovan Mitchell","Denver Nuggets"
"134",2017,14,"Bam Adebayo","Miami Heat"
"135",2017,15,"Justin Jackson","Portland Trail Blazers"
"136",2017,16,"Justin Patton","Chicago Bulls"
"137",2017,17,"D.J. Wilson","Milwaukee Bucks"
"138",2017,18,"T.J. Leaf","Indiana Pacers"
"139",2017,19,"John Collins","Atlanta Hawks"
"140",2017,20,"Harry Giles III","Portland Trail Blazers"
"141",2017,21,"Terrance Ferguson","Oklahoma City Thunder"
"142",2017,22,"Jarrett Allen","Brooklyn Nets"
"143",2017,23,"OG Anunoby","Toronto Raptors"
"144",2017,24,"Tyler Lydon","Utah Jazz"
"145",2017,25,"Anzejs Pasecniks","Orlando Magic"
"146",2017,26,"Caleb Swanigan","Portland Trail Blazers"
"147",2017,27,"Kyle Kuzma","Brooklyn Nets"
"148",2017,28,"Tony Bradley","Los Angeles Lakers"
"149",2017,29,"Derrick White","San Antonio Spurs"
"150",2017,30,"Josh Hart","Utah Jazz"
"151",2017,31,"Frank Jackson","Charlotte Hornets"
"152",2017,32,"Davon Reed","Phoenix Suns"
"153",2017,33,"Wes Iwundu","Orlando Magic"
"154",2017,34,"Frank Mason","Sacramento Kings"
"155",2017,35,"Ivan Rabb","Orlando Magic"
"156",2017,36,"Jonah Bolden","Philadelphia 76ers"
"157",2017,37,"Semi Ojeleye","Boston Celtics"
"158",2017,38,"Jordan Bell","Chicago Bulls"
"159",2017,39,"Jawun Evans","Philadelphia 76ers"
"160",2017,40,"Dwayne Bacon","New Orleans Pelicans"
"161",2017,41,"Tyler Dorsey","Atlanta Hawks"
"162",2017,42,"Thomas Bryant","Utah Jazz"
"163",2017,43,"Isaiah Hartenstein","Houston Rockets"
"164",2017,44,"Damyean Dotson","New York Knicks"
"165",2017,45,"Dillon Brooks","Houston Rockets"
"166",2017,46,"Sterling Brown","Philadelphia 76ers"
"167",2017,47,"Ike Anigbogu","Indiana Pacers"
"168",2017,48,"Sindarius Thornwell","Milwaukee Bucks"
"169",2017,49,"Vlatko Cancar","Denver Nuggets"
"170",2017,50,"Mathias Lessort","Philadelphia 76ers"
"171",2017,51,"Monte Morris","Denver Nuggets"
"172",2017,52,"Edmond Sumner","New Orleans Pelicans"
"173",2017,53,"Kadeem Allen","Boston Celtics"
"174",2017,54,"Alec Peters","Phoenix Suns"
"175",2017,55,"Nigel Williams-Goss","Utah Jazz"
"176",2017,56,"Jabari Bird","Boston Celtics"
"177",2017,57,"Aleksandar Vezenkov","Brooklyn Nets"
"178",2017,58,"Ognen Jaramaz","New York Knicks"
"179",2017,59,"Jaron Blossomgame","San Antonio Spurs"
"180",2017,60,"Alpha Kaba","Atlanta Hawks"
"181",2016,1,"Ben Simmons","Philadelphia 76ers"
"182",2016,2,"Brandon Ingram","Los Angeles Lakers"
"183",2016,3,"Jaylen Brown","Boston Celtics"
"184",2016,4,"Dragan Bender","Phoenix Suns"
"185",2016,5,"Kris Dunn","Minnesota Timberwolves"
"186",2016,6,"Buddy Hield","New Orleans Pelicans"
"187",2016,7,"Jamal Murray","Denver Nuggets"
"188",2016,8,"Marquese Chriss","Phoenix Suns"
"189",2016,9,"Jakob Poeltl","Toronto Raptors"
"190",2016,10,"Thon Maker","Milwaukee Bucks"
"191",2016,11,"Domantas Sabonis","Oklahoma City Thunder"
"192",2016,12,"Taurean Prince","Utah Jazz"
"193",2016,13,"Georgios Papagiannis","Sacramento Kings"
"194",2016,14,"Denzel Valentine","Chicago Bulls"
"195",2016,15,"Juancho Hernangomez","Denver Nuggets"
"196",2016,16,"Guerschon Yabusele","Boston Celtics"
"197",2016,17,"Wade Baldwin IV","Memphis Grizzlies"
"198",2016,18,"Henry Ellenson","Detroit Pistons"
"199",2016,19,"Malik Beasley","Denver Nuggets"
"200",2016,20,"Caris LeVert","Indiana Pacers"
"201",2016,21,"DeAndre' Bembry","Atlanta Hawks"
"202",2016,22,"Malachi Richardson","Charlotte Hornets"
"203",2016,23,"Ante Zizic","Boston Celtics"
"204",2016,24,"Timothe Luwawu-Cabarrot","Philadelphia 76ers"
"205",2016,25,"Brice Johnson","LA Clippers"
"206",2016,26,"Furkan Korkmaz","Philadelphia 76ers"
"207",2016,27,"Pascal Siakam","Toronto Raptors"
"208",2016,28,"Skal Labissiere","Sacramento Kings"
"209",2016,29,"Dejounte Murray","San Antonio Spurs"
"210",2016,30,"Damian Jones","Golden State Warriors"
"211",2016,31,"Deyonta Davis","Boston Celtics"
"212",2016,32,"Ivica Zubac","Los Angeles Lakers"
"213",2016,33,"Cheick Diallo","LA Clippers"
"214",2016,34,"Tyler Ulis","Phoenix Suns"
"215",2016,35,"Rade Zagorac","Boston Celtics"
"216",2016,36,"Malcolm Brogdon","Milwaukee Bucks"
"217",2016,37,"Chinanu Onuaku","Houston Rockets"
"218",2016,38,"Patrick McCaw","Golden State Warriors"
"219",2016,39,"David Michineau","New Orleans Pelicans"
"220",2016,40,"Diamond Stone","New Orleans Pelicans"
"221",2016,41,"Stephen Zimmerman","Orlando Magic"
"222",2016,42,"Isaiah Whitehead","Brooklyn Nets"
"223",2016,43,"Zhou Qi","Houston Rockets"
"224",2016,44,"Isaia Cordinier","Atlanta Hawks"
"225",2016,45,"Demetrius Jackson","Boston Celtics"
"226",2016,46,"AJ Hammons","Dallas Mavericks"
"227",2016,47,"Jake Layman","Orlando Magic"
"228",2016,48,"Paul Zipser","Chicago Bulls"
"229",2016,49,"Michael Gbinije","Detroit Pistons"
"230",2016,50,"Georges Niang","Indiana Pacers"
"231",2016,51,"Ben Bentil","Boston Celtics"
"232",2016,52,"Joel Bolomboy","Utah Jazz"
"233",2016,53,"Petr Cornelie","Denver Nuggets"
"234",2016,54,"Kay Felder","Atlanta Hawks"
"235",2016,55,"Marcus Paige","Utah Jazz"
"236",2016,56,"Daniel Hamilton","Denver Nuggets"
"237",2016,57,"Wang Zhelin","Memphis Grizzlies"
"238",2016,58,"Abdel Nader","Boston Celtics"
"239",2016,59,"Isaiah Cousins","Sacramento Kings"
"240",2016,60,"Tyrone Wallace","Utah Jazz"
"241",2015,1,"Karl-Anthony Towns","Minnesota Timberwolves"
"242",2015,2,"D'Angelo Russell","Los Angeles Lakers"
"243",2015,3,"Jahlil Okafor","Philadelphia 76ers"
"244",2015,4,"Kristaps Porzingis","New York Knicks"
"245",2015,5,"Mario Hezonja","Orlando Magic"
"246",2015,6,"Willie Cauley-Stein","Sacramento Kings"
"247",2015,7,"Emmanuel Mudiay","Denver Nuggets"
"248",2015,8,"Stanley Johnson","Detroit Pistons"
"249",2015,9,"Frank Kaminsky","Charlotte Hornets"
"250",2015,10,"Justise Winslow","Miami Heat"
"251",2015,11,"Myles Turner","Indiana Pacers"
"252",2015,12,"Trey Lyles","Utah Jazz"
"253",2015,13,"Devin Booker","Phoenix Suns"
"254",2015,14,"Cameron Payne","Oklahoma City Thunder"
"255",2015,15,"Kelly Oubre Jr.","Atlanta Hawks"
"256",2015,16,"Terry Rozier","Boston Celtics"
"257",2015,17,"Rashad Vaughn","Milwaukee Bucks"
"258",2015,18,"Sam Dekker","Houston Rockets"
"259",2015,19,"Jerian Grant","Washington Wizards"
"260",2015,20,"Delon Wright","Toronto Raptors"
"261",2015,21,"Justin Anderson","Dallas Mavericks"
"262",2015,22,"Bobby Portis","Chicago Bulls"
"263",2015,23,"Rondae Hollis-Jefferson","Portland Trail Blazers"
"264",2015,24,"Tyus Jones","Cleveland Cavaliers"
"265",2015,25,"Jarell Martin","Memphis Grizzlies"
"266",2015,26,"Nikola Milutinov","San Antonio Spurs"
"267",2015,27,"Larry Nance Jr.","Los Angeles Lakers"
"268",2015,28,"RJ Hunter","Boston Celtics"
"269",2015,29,"Chris McCullough","Brooklyn Nets"
"270",2015,30,"Kevon Looney","Golden State Warriors"
"271",2015,31,"Cedi Osman","Minnesota Timberwolves"
"272",2015,32,"Montrezl Harrell","Houston Rockets"
"273",2015,33,"Jordan Mickey","Boston Celtics"
"274",2015,34,"Anthony Brown","Los Angeles Lakers"
"275",2015,35,"Willy Hernangomez","Philadelphia 76ers"
"276",2015,36,"Rakeem Christmas","Minnesota Timberwolves"
"277",2015,37,"Richaun Holmes","Philadelphia 76ers"
"278",2015,38,"Darrun Hilliard","Detroit Pistons"
"279",2015,39,"Juan Pablo Vaulet","Charlotte Hornets"
"280",2015,40,"Josh Richardson","Miami Heat"
"281",2015,41,"Pat Connaughton","Brooklyn Nets"
"282",2015,42,"Olivier Hanlan","Utah Jazz"
"283",2015,43,"Joe Young","Indiana Pacers"
"284",2015,44,"Andrew Harrison","Phoenix Suns"
"285",2015,45,"Marcus Thornton","Boston Celtics"
"286",2015,46,"Norman Powell","Milwaukee Bucks"
"287",2015,47,"Arturas Gudaitis","Philadelphia 76ers"
"288",2015,48,"Dakari Johnson","Oklahoma City Thunder"
"289",2015,49,"Aaron White","Washington Wizards"
"290",2015,50,"Marcus Eriksson","Atlanta Hawks"
"291",2015,51,"Tyler Harvey","Orlando Magic"
"292",2015,52,"Satnam Singh","Dallas Mavericks"
"293",2015,53,"Sir'Dominic Pointer","Cleveland Cavaliers"
"294",2015,54,"Daniel Diez","Utah Jazz"
"295",2015,55,"Cady Lalanne","San Antonio Spurs"
"296",2015,56,"Branden Dawson","New Orleans Pelicans"
"297",2015,57,"Nikola Radicevic","Denver Nuggets"
"298",2015,58,"JP Tokoto","Philadelphia 76ers"
"299",2015,59,"Dimitrios Agravanis","Atlanta Hawks"
"300",2015,60,"Luka Mitrovic","Philadelphia 76ers"
"301",2014,1,"Andrew Wiggins","Cleveland Cavaliers"
"302",2014,2,"Jabari Parker","Milwaukee Bucks"
"303",2014,3,"Joel Embiid","Philadelphia 76ers"
"304",2014,4,"Aaron Gordon","Orlando Magic"
"305",2014,5,"Dante Exum","Utah Jazz"
"306",2014,6,"Marcus Smart","Boston Celtics"
"307",2014,7,"Julius Randle","Los Angeles Lakers"
"308",2014,8,"Nik Stauskas","Sacramento Kings"
"309",2014,9,"Noah Vonleh","Charlotte Hornets"
"310",2014,10,"Elfrid Payton","Philadelphia 76ers"
"311",2014,11,"Doug McDermott","Denver Nuggets"
"312",2014,12,"Dario Saric","Orlando Magic"
"313",2014,13,"Zach LaVine","Minnesota Timberwolves"
"314",2014,14,"T.J. Warren","Phoenix Suns"
"315",2014,15,"Adreian Payne","Atlanta Hawks"
"316",2014,16,"Jusuf Nurkic","Chicago Bulls"
"317",2014,17,"James Young","Boston Celtics"
"318",2014,18,"Tyler Ennis","Phoenix Suns"
"319",2014,19,"Gary Harris","Chicago Bulls"
"320",2014,20,"Bruno Caboclo","Toronto Raptors"
"321",2014,21,"Mitch McGary","Oklahoma City Thunder"
"322",2014,22,"Jordan Adams","Memphis Grizzlies"
"323",2014,23,"Rodney Hood","Utah Jazz"
"324",2014,24,"Shabazz Napier","Charlotte Hornets"
"325",2014,25,"Clint Capela","Houston Rockets"
"326",2014,26,"PJ Hairston","Miami Heat"
"327",2014,27,"Bogdan Bogdanovic","Phoenix Suns"
"328",2014,28,"C.J. Wilcox","Los Angeles Clippers"
"329",2014,29,"Josh Huestis","Oklahoma City Thunder"
"330",2014,30,"Kyle Anderson","San Antonio Spurs"
"331",2014,31,"Damien Inglis","Milwaukee Bucks"
"332",2014,32,"KJ McDaniels","Philadelphia 76ers"
"333",2014,33,"Joe Harris","Cleveland Cavaliers"
"334",2014,34,"Cleanthony Early","New York Knicks"
"335",2014,35,"Jarnell Stokes","Utah Jazz"
"336",2014,36,"Johnny O'Bryant III","Milwaukee Bucks"
"337",2014,37,"DeAndre Daniels","Toronto Raptors"
"338",2014,38,"Spencer Dinwiddie","Detroit Pistons"
"339",2014,39,"Jerami Grant","Philadelphia 76ers"
"340",2014,40,"Glenn Robinson III","Minnesota Timberwolves"
"341",2014,41,"Nikola Jokic","Denver Nuggets"
"342",2014,42,"Nick Johnson","Houston Rockets"
"343",2014,43,"Edy Tavares","Atlanta Hawks"
"344",2014,44,"Markel Brown","Minnesota Timberwolves"
"345",2014,45,"Dwight Powell","Charlotte Hornets"
"346",2014,46,"Jordan Clarkson","Washington Wizards"
"347",2014,47,"Russ Smith","Philadelphia 76ers"
"348",2014,48,"Lamar Patterson","Milwaukee Bucks"
"349",2014,49,"Cameron Bairstow","Chicago Bulls"
"350",2014,50,"Alec Brown","Phoenix Suns"
"351",2014,51,"Thanasis Antetokounmpo","New York Knicks"
"352",2014,52,"Vasilije Micic","Philadelphia 76ers"
"353",2014,53,"Alessandro Gentile","Minnesota Timberwolves"
"354",2014,54,"Nemanja Dangubic","Philadelphia 76ers"
"355",2014,55,"Semaj Christon","Miami Heat"
"356",2014,56,"Devyn Marble","Denver Nuggets"
"357",2014,57,"Louis Labeyrie","Indiana Pacers"
"358",2014,58,"Jordan McRae","San Antonio Spurs"
"359",2014,59,"Xavier Thames","Toronto Raptors"
"360",2014,60,"Cory Jefferson","San Antonio Spurs"
"361",2013,1,"Anthony Bennett","Cleveland Cavaliers"
"362",2013,2,"Victor Oladipo","Orlando Magic"
"363",2013,3,"Otto Porter Jr.","Washington Wizards"
"364",2013,4,"Cody Zeller","Charlotte Bobcats"
"365",2013,5,"Alex Len","Phoenix Suns"
"366",2013,6,"Nerlens Noel","New Orleans Pelicans"
"367",2013,7,"Ben McLemore","Sacramento Kings"
"368",2013,8,"Kentavious Caldwell-Pope","Detroit Pistons"
"369",2013,9,"Trey Burke","Minnesota Timberwolves"
"370",2013,10,"CJ McCollum","Portland Trail Blazers"
"371",2013,11,"Michael Carter-Williams","Philadelphia 76ers"
"372",2013,12,"Steven Adams","Oklahoma City Thunder"
"373",2013,13,"Kelly Olynyk","Dallas Mavericks"
"374",2013,14,"Shabazz Muhammad","Utah Jazz"
"375",2013,15,"Giannis Antetokounmpo","Milwaukee Bucks"
"376",2013,16,"Lucas Nogueira","Boston Celtics"
"377",2013,17,"Dennis Schroder","Atlanta Hawks"
"378",2013,18,"Shane Larkin","Atlanta Hawks"
"379",2013,19,"Sergey Karasev","Cleveland Cavaliers"
"380",2013,20,"Tony Snell","Chicago Bulls"
"381",2013,21,"Gorgui Dieng","Utah Jazz"
"382",2013,22,"Mason Plumlee","Brooklyn Nets"
"383",2013,23,"Solomon Hill","Indiana Pacers"
"384",2013,24,"Tim Hardaway Jr.","New York Knicks"
"385",2013,25,"Reggie Bullock","Los Angeles Clippers"
"386",2013,26,"Andre Roberson","Minnesota Timberwolves"
"387",2013,27,"Rudy Gobert","Denver Nuggets"
"388",2013,28,"Livio Jean-Charles","San Antonio Spurs"
"389",2013,29,"Archie Goodwin","Oklahoma City Thunder"
"390",2013,30,"Nemanja Nedovic","Phoenix Suns"
"391",2013,31,"Allen Crabbe","Cleveland Cavaliers"
"392",2013,32,"Alex Abrines","Oklahoma City Thunder"
"393",2013,33,"Carrick Felix","Cleveland Cavaliers"
"394",2013,34,"Isaiah Canaan","Houston Rockets"
"395",2013,35,"Glen Rice","Philadelphia 76ers"
"396",2013,36,"Ray McCallum","Sacramento Kings"
"397",2013,37,"Tony Mitchell","Detroit Pistons"
"398",2013,38,"Nate Wolters","Washington Wizards"
"399",2013,39,"Jeff Withey","Portland Trail Blazers"
"400",2013,40,"Grant Jerrett","Portland Trail Blazers"
"401",2013,41,"Jamaal Franklin","Memphis Grizzlies"
"402",2013,42,"Pierre Jackson","Philadelphia 76ers"
"403",2013,43,"Ricky Ledo","Milwaukee Bucks"
"404",2013,44,"Mike Muscala","Dallas Mavericks"
"405",2013,45,"Marko Todorovic","Portland Trail Blazers"
"406",2013,46,"Erick Green","Utah Jazz"
"407",2013,47,"Raul Neto","Atlanta Hawks"
"408",2013,48,"Ryan Kelly","Los Angeles Lakers"
"409",2013,49,"Erik Murphy","Chicago Bulls"
"410",2013,50,"James Ennis III","Atlanta Hawks"
"411",2013,51,"Romero Osby","Orlando Magic"
"412",2013,52,"Lorenzo Brown","Minnesota Timberwolves"
"413",2013,53,"Colton Iverson","Indiana Pacers"
"414",2013,54,"Arsalan Kazemi","Washington Wizards"
"415",2013,55,"Joffrey Lauvergne","Memphis Grizzlies"
"416",2013,56,"Peyton Siva","Detroit Pistons"
"417",2013,57,"Alex Oriakhi","Phoenix Suns"
"418",2013,58,"Deshaun Thomas","San Antonio Spurs"
"419",2013,59,"Bojan Dubljevic","Minnesota Timberwolves"
"420",2013,60,"Janis Timma","Memphis Grizzlies"
"421",2012,1,"Anthony Davis","New Orleans Hornets"
"422",2012,2,"Michael Kidd-Gilchrist","Charlotte Bobcats"
"423",2012,3,"Bradley Beal","Washington Wizards"
"424",2012,4,"Dion Waiters","Cleveland Cavaliers"
"425",2012,5,"Thomas Robinson","Sacramento Kings"
"426",2012,6,"Damian Lillard","Portland Trail Blazers"
"427",2012,7,"Harrison Barnes","Golden State Warriors"
"428",2012,8,"Terrence Ross","Toronto Raptors"
"429",2012,9,"Andre Drummond","Detroit Pistons"
"430",2012,10,"Austin Rivers","New Orleans Hornets"
"431",2012,11,"Meyers Leonard","Portland Trail Blazers"
"432",2012,12,"Jeremy Lamb","Houston Rockets"
"433",2012,13,"Kendall Marshall","Phoenix Suns"
"434",2012,14,"John Henson","Milwaukee Bucks"
"435",2012,15,"Maurice Harkless","Philadelphia 76ers"
"436",2012,16,"Royce White","Houston Rockets"
"437",2012,17,"Tyler Zeller","Dallas Mavericks"
"438",2012,18,"Terrence Jones","Houston Rockets"
"439",2012,19,"Andrew Nicholson","Orlando Magic"
"440",2012,20,"Evan Fournier","Denver Nuggets"
"441",2012,21,"Jared Sullinger","Boston Celtics"
"442",2012,22,"Fab Melo","Boston Celtics"
"443",2012,23,"John Jenkins","Atlanta Hawks"
"444",2012,24,"Jared Cunningham","Cleveland Cavaliers"
"445",2012,25,"Tony Wroten","Memphis Grizzlies"
"446",2012,26,"Miles Plumlee","Indiana Pacers"
"447",2012,27,"Arnett Moultrie","Miami Heat"
"448",2012,28,"Perry Jones III","Oklahoma City Thunder"
"449",2012,29,"Marquis Teague","Chicago Bulls"
"450",2012,30,"Festus Ezeli","Golden State Warriors"
"451",2012,31,"Jeffery Taylor","Charlotte Bobcats"
"452",2012,32,"Tomas Satoransky","Washington Wizards"
"453",2012,33,"Bernard James","Cleveland Cavaliers"
"454",2012,34,"Jae Crowder","Cleveland Cavaliers"
"455",2012,35,"Draymond Green","Golden State Warriors"
"456",2012,36,"Orlando Johnson","Sacramento Kings"
"457",2012,37,"Quincy Acy","Toronto Raptors"
"458",2012,38,"Quincy Miller","Denver Nuggets"
"459",2012,39,"Khris Middleton","Detroit Pistons"
"460",2012,40,"Will Barton","Portland Trail Blazers"
"461",2012,41,"Tyshawn Taylor","Portland Trail Blazers"
"462",2012,42,"Doron Lamb","Milwaukee Bucks"
"463",2012,43,"Mike Scott","Atlanta Hawks"
"464",2012,44,"Kim English","Detroit Pistons"
"465",2012,45,"Justin Hamilton","Philadelphia 76ers"
"466",2012,46,"Darius Miller","New Orleans Hornets"
"467",2012,47,"Kevin Murphy","Utah Jazz"
"468",2012,48,"Kostas Papanikolaou","New York Knicks"
"469",2012,49,"Kyle O'Quinn","Orlando Magic"
"470",2012,50,"Izzet Turkyilmaz","Denver Nuggets"
"471",2012,51,"Kris Joseph","Boston Celtics"
"472",2012,52,"Ognjen Kuzmic","Golden State Warriors"
"473",2012,53,"Furkan Aldemir","Los Angeles Clippers"
"474",2012,54,"Tornike Shengelia","Philadelphia 76ers"
"475",2012,55,"Darius Johnson-Odom","Dallas Mavericks"
"476",2012,56,"Tomislav Zubcic","Toronto Raptors"
"477",2012,57,"Ilkan Karaman","Brooklyn Nets"
"478",2012,58,"Robbie Hummel","Minnesota Timberwolves"
"479",2012,59,"Marcus Denmon","San Antonio Spurs"
"480",2012,60,"Robert Sacre","Los Angeles Lakers"
"481",2011,1,"Kyrie Irving","Cleveland Cavaliers"
"482",2011,2,"Derrick Williams","Minnesota Timberwolves"
"483",2011,3,"Enes Kanter","Utah Jazz"
"484",2011,4,"Tristan Thompson","Cleveland Cavaliers"
"485",2011,5,"Jonas Valanciunas","Toronto Raptors"
"486",2011,6,"Jan Vesely","Washington Wizards"
"487",2011,7,"Bismack Biyombo","Sacramento Kings"
"488",2011,8,"Brandon Knight","Detroit Pistons"
"489",2011,9,"Kemba Walker","Charlotte Bobcats"
"490",2011,10,"Jimmer Fredette","Milwaukee Bucks"
"491",2011,11,"Klay Thompson","Golden State Warriors"
"492",2011,12,"Alec Burks","Utah Jazz"
"493",2011,13,"Markieff Morris","Phoenix Suns"
"494",2011,14,"Marcus Morris Sr.","Houston Rockets"
"495",2011,15,"Kawhi Leonard","Indiana Pacers"
"496",2011,16,"Nikola Vucevic","Philadelphia 76ers"
"497",2011,17,"Iman Shumpert","New York Knicks"
"498",2011,18,"Chris Singleton","Washington Wizards"
"499",2011,19,"Tobias Harris","Charlotte Bobcats"
"500",2011,20,"Donatas Motiejunas","Minnesota Timberwolves"
"501",2011,21,"Nolan Smith","Portland Trail Blazers"
"502",2011,22,"Kenneth Faried","Denver Nuggets"
"503",2011,23,"Nikola Mirotic","Houston Rockets"
"504",2011,24,"Reggie Jackson","Oklahoma City Thunder"
"505",2011,25,"MarShon Brooks","Boston Celtics"
"506",2011,26,"Jordan Hamilton","Dallas Mavericks"
"507",2011,27,"JaJuan Johnson","New Jersey Nets"
"508",2011,28,"Norris Cole","Chicago Bulls"
"509",2011,29,"Cory Joseph","San Antonio Spurs"
"510",2011,30,"Jimmy Butler","Chicago Bulls"
"511",2011,31,"Bojan Bogdanovic","Miami Heat"
"512",2011,32,"Justin Harper","Cleveland Cavaliers"
"513",2011,33,"Kyle Singler","Detroit Pistons"
"514",2011,34,"Shelvin Mack","Washington Wizards"
"515",2011,35,"Tyler Honeycutt","Sacramento Kings"
"516",2011,36,"Jordan Williams","New Jersey Nets"
"517",2011,37,"Trey Thompkins","Los Angeles Clippers"
"518",2011,38,"Chandler Parsons","Houston Rockets"
"519",2011,39,"Jeremy Tyler","Charlotte Bobcats"
"520",2011,40,"Jon Leuer","Milwaukee Bucks"
"521",2011,41,"Darius Morris","Los Angeles Lakers"
"522",2011,42,"Davis Bertans","Indiana Pacers"
"523",2011,43,"Malcolm Lee","Chicago Bulls"
"524",2011,44,"Charles Jenkins","Golden State Warriors"
"525",2011,45,"Josh Harrellson","New Orleans Hornets"
"526",2011,46,"Andrew Goudelock","Los Angeles Lakers"
"527",2011,47,"Travis Leslie","Los Angeles Clippers"
"528",2011,48,"Keith Benson","Atlanta Hawks"
"529",2011,49,"Josh Selby","Memphis Grizzlies"
"530",2011,50,"Lavoy Allen","Philadelphia 76ers"
"531",2011,51,"Jon Diebler","Portland Trail Blazers"
"532",2011,52,"Vernon Macklin","Detroit Pistons"
"533",2011,53,"DeAndre Liggins","Orlando Magic"
"534",2011,54,"MIlan Macvan","Cleveland Cavaliers"
"535",2011,55,"E'Twaun Moore","Boston Celtics"
"536",2011,56,"Chukwudiebere Maduabum","Los Angeles Lakers"
"537",2011,57,"Tanguy Ngombo","Dallas Mavericks"
"538",2011,58,"Ater Majok","Los Angeles Lakers"
"539",2011,59,"Adam Hanga","San Antonio Spurs"
"540",2011,60,"Isaiah Thomas","Sacramento Kings"
"541",2010,1,"John Wall","Washington Wizards"
"542",2010,2,"Evan Turner","Philadelphia 76ers"
"543",2010,3,"Derrick Favors","New Jersey Nets"
"544",2010,4,"Wesley Johnson","Minnesota Timberwolves"
"545",2010,5,"DeMarcus Cousins","Sacramento Kings"
"546",2010,6,"Ekpe Udoh","Golden State Warriors"
"547",2010,7,"Greg Monroe","Detroit Pistons"
"548",2010,8,"Al-Farouq Aminu","Los Angeles Clippers"
"549",2010,9,"Gordon Hayward","Utah Jazz"
"550",2010,10,"Paul George","Indiana Pacers"
"551",2010,11,"Cole Aldrich","New Orleans Hornets"
"552",2010,12,"Xavier Henry","Memphis Grizzlies"
"553",2010,13,"Ed Davis","Toronto Raptors"
"554",2010,14,"Patrick Patterson","Houston Rockets"
"555",2010,15,"Larry Sanders","Milwaukee Bucks"
"556",2010,16,"Luke Babbitt","Minnesota Timberwolves"
"557",2010,17,"Kevin Seraphin","Chicago Bulls"
"558",2010,18,"Eric Bledsoe","Oklahoma City Thunder"
"559",2010,19,"Avery Bradley","Boston Celtics"
"560",2010,20,"James Anderson","San Antonio Spurs"
"561",2010,21,"Craig Brackins","Oklahoma City Thunder"
"562",2010,22,"Elliot Williams","Portland Trail Blazers"
"563",2010,23,"Trevor Booker","Minnesota Timberwolves"
"564",2010,24,"Damion James","Atlanta Hawks"
"565",2010,25,"Dominique Jones","Memphis Grizzlies"
"566",2010,26,"Quincy Pondexter","Oklahoma City Thunder"
"567",2010,27,"Jordan Crawford","New Jersey Nets"
"568",2010,28,"Greivis Vasquez","Memphis Grizzlies"
"569",2010,29,"Daniel Orton","Orlando Magic"
"570",2010,30,"Lazar Hayward","Washington Wizards"
"571",2010,31,"Tibor Pleiss","New Jersey Nets"
"572",2010,32,"Dexter Pittman","Miami Heat"
"573",2010,33,"Hassan Whiteside","Sacramento Kings"
"574",2010,34,"Armon Johnson","Portland Trail Blazers"
"575",2010,35,"Nemanja Bjelica","Washington Wizards"
"576",2010,36,"Terrico White","Detroit Pistons"
"577",2010,37,"Darington Hobson","Milwaukee Bucks"
"578",2010,38,"Andy Rautins","New York Knicks"
"579",2010,39,"Landry Fields","New York Knicks"
"580",2010,40,"Lance Stephenson","Indiana Pacers"
"581",2010,41,"Jarvis Varnado","Miami Heat"
"582",2010,42,"Da'Sean Butler","Miami Heat"
"583",2010,43,"Devin Ebanks","Los Angeles Lakers"
"584",2010,44,"Jerome Jordan","Milwaukee Bucks"
"585",2010,45,"Paulao Prestes","Minnesota Timberwolves"
"586",2010,46,"Gani Lawal","Phoenix Suns"
"587",2010,47,"Tiny Gallon","Milwaukee Bucks"
"588",2010,48,"Latavious Williams","Miami Heat"
"589",2010,49,"Ryan Richards","San Antonio Spurs"
"590",2010,50,"Solomon Alabi","Dallas Mavericks"
"591",2010,51,"Magnum Rolle","Oklahoma City Thunder"
"592",2010,52,"Luke Harangody","Boston Celtics"
"593",2010,53,"Pape Sy","Atlanta Hawks"
"594",2010,54,"Willie Warren","Los Angeles Clippers"
"595",2010,55,"Jeremy Evans","Utah Jazz"
"596",2010,56,"Hamady Ndiaye","Minnesota Timberwolves"
"597",2010,57,"Ryan Reid","Indiana Pacers"
"598",2010,58,"Derrick Caracter","Los Angeles Lakers"
"599",2010,59,"Stanley Robinson","Orlando Magic"
"600",2010,60,"Dwayne Collins","Phoenix Suns"
"601",2009,1,"Blake Griffin","Los Angeles Clippers"
"602",2009,2,"Hasheem Thabeet","Memphis Grizzlies"
"603",2009,3,"James Harden","Oklahoma City Thunder"
"604",2009,4,"Tyreke Evans","Sacramento Kings"
"605",2009,5,"Ricky Rubio","Minnesota Timberwolves"
"606",2009,6,"Jonny Flynn","Minnesota Timberwolves"
"607",2009,7,"Stephen Curry","Golden State Warriors"
"608",2009,8,"Jordan Hill","New York Knicks"
"609",2009,9,"DeMar DeRozan","Toronto Raptors"
"610",2009,10,"Brandon Jennings","Milwaukee Bucks"
"611",2009,11,"Terrence Williams","New Jersey Nets"
"612",2009,12,"Gerald Henderson","Charlotte Bobcats"
"613",2009,13,"Tyler Hansbrough","Indiana Pacers"
"614",2009,14,"Earl Clark","Phoenix Suns"
"615",2009,15,"Austin Daye","Detroit Pistons"
"616",2009,16,"James Johnson","Chicago Bulls"
"617",2009,17,"Jrue Holiday","Philadelphia 76ers"
"618",2009,18,"Ty Lawson","Minnesota Timberwolves"
"619",2009,19,"Jeff Teague","Atlanta Hawks"
"620",2009,20,"Eric Maynor","Utah Jazz"
"621",2009,21,"Darren Collison","New Orleans Hornets"
"622",2009,22,"Victor Claver","Portland Trail Blazers"
"623",2009,23,"Omri Casspi","Sacramento Kings"
"624",2009,24,"Byron Mullens","Dallas Mavericks"
"625",2009,25,"Rodrigue Beaubois","Oklahoma City Thunder"
"626",2009,26,"Taj Gibson","Chicago Bulls"
"627",2009,27,"DeMarre Carroll","Memphis Grizzlies"
"628",2009,28,"Wayne Ellington","Minnesota Timberwolves"
"629",2009,29,"Toney Douglas","Los Angeles Lakers"
"630",2009,30,"Christian Eyenga","Cleveland Cavaliers"
"631",2009,31,"Jeff Ayres","Sacramento Kings"
"632",2009,32,"Jermaine Taylor","Washington Wizards"
"633",2009,33,"Dante Cunningham","Portland Trail Blazers"
"634",2009,34,"Sergio Llull","Denver Nuggets"
"635",2009,35,"DaJuan Summers","Detroit Pistons"
"636",2009,36,"Sam Young","Memphis Grizzlies"
"637",2009,37,"DeJuan Blair","San Antonio Spurs"
"638",2009,38,"Jon Brockman","Portland Trail Blazers"
"639",2009,39,"Jonas Jerebko","Detroit Pistons"
"640",2009,40,"Derrick Brown","Charlotte Bobcats"
"641",2009,41,"Jodie Meeks","Milwaukee Bucks"
"642",2009,42,"Patrick Beverley","Los Angeles Lakers"
"643",2009,43,"Marcus Thornton","Miami Heat"
"644",2009,44,"Chase Budinger","Detroit Pistons"
"645",2009,45,"Nick Calathes","Minnesota Timberwolves"
"646",2009,46,"Danny Green","Cleveland Cavaliers"
"647",2009,47,"Henk Norel","Minnesota Timberwolves"
"648",2009,48,"Taylor Griffin","Phoenix Suns"
"649",2009,49,"Sergiy Gladyr","Atlanta Hawks"
"650",2009,50,"Goran Suton","Utah Jazz"
"651",2009,51,"Jack McClinton","San Antonio Spurs"
"652",2009,52,"AJ Price","Indiana Pacers"
"653",2009,53,"Nando De Colo","San Antonio Spurs"
"654",2009,54,"Robert Vaden","Charlotte Bobcats"
"655",2009,55,"Patty Mills","Portland Trail Blazers"
"656",2009,56,"Ahmad Nivins","Dallas Mavericks"
"657",2009,57,"Emir Preldzic","Phoenix Suns"
"658",2009,58,"Lester Hudson","Boston Celtics"
"659",2009,59,"Chinemelu Elonu","Los Angeles Lakers"
"660",2009,60,"Robert Dozier","Miami Heat"
"661",2008,1,"Derrick Rose","Chicago Bulls"
"662",2008,2,"Michael Beasley","Miami Heat"
"663",2008,3,"O.J. Mayo","Minnesota Timberwolves"
"664",2008,4,"Russell Westbrook","Oklahoma City Thunder"
"665",2008,5,"Kevin Love","Memphis Grizzlies"
"666",2008,6,"Danilo Gallinari","New York Knicks"
"667",2008,7,"Eric Gordon","Los Angeles Clippers"
"668",2008,8,"Joe Alexander","Milwaukee Bucks"
"669",2008,9,"D.J. Augustin","Charlotte Bobcats"
"670",2008,10,"Brook Lopez","New Jersey Nets"
"671",2008,11,"Jerryd Bayless","Indiana Pacers"
"672",2008,12,"Jason Thompson","Sacramento Kings"
"673",2008,13,"Brandon Rush","Portland Trail Blazers"
"674",2008,14,"Anthony Randolph","Golden State Warriors"
"675",2008,15,"Robin Lopez","Phoenix Suns"
"676",2008,16,"Marreese Speights","Philadelphia 76ers"
"677",2008,17,"Roy Hibbert","Toronto Raptors"
"678",2008,18,"JaVale McGee","Washington Wizards"
"679",2008,19,"JJ Hickson","Cleveland Cavaliers"
"680",2008,20,"Alexis Ajinca","Charlotte Bobcats"
"681",2008,21,"Ryan Anderson","New Jersey Nets"
"682",2008,22,"Courtney Lee","Orlando Magic"
"683",2008,23,"Kosta Koufos","Utah Jazz"
"684",2008,24,"Serge Ibaka","Oklahoma City Thunder"
"685",2008,25,"Nicolas Batum","Houston Rockets"
"686",2008,26,"George Hill","San Antonio Spurs"
"687",2008,27,"Darrell Arthur","New Orleans Hornets"
"688",2008,28,"Donte Greene","Memphis Grizzlies"
"689",2008,29,"DJ White","Detroit Pistons"
"690",2008,30,"J.R. Giddens","Boston Celtics"
"691",2008,31,"Nikola Pekovic","Minnesota Timberwolves"
"692",2008,32,"Walter Sharpe","Oklahoma City Thunder"
"693",2008,33,"Joey Dorsey","Portland Trail Blazers"
"694",2008,34,"Mario Chalmers","Minnesota Timberwolves"
"695",2008,35,"DeAndre Jordan","Los Angeles Clippers"
"696",2008,36,"Omer Asik","Portland Trail Blazers"
"697",2008,37,"Luc Mbah a Moute","Milwaukee Bucks"
"698",2008,38,"Kyle Weaver","Charlotte Bobcats"
"699",2008,39,"Sonny Weems","Chicago Bulls"
"700",2008,40,"Chris Douglas-Roberts","New Jersey Nets"
"701",2008,41,"Nathan Jawai","Indiana Pacers"
"702",2008,42,"Sean Singletary","Sacramento Kings"
"703",2008,43,"Patrick Ewing","Sacramento Kings"
"704",2008,44,"Ante Tomic","Utah Jazz"
"705",2008,45,"Goran Dragic","San Antonio Spurs"
"706",2008,46,"Trent Plaisted","Oklahoma City Thunder"
"707",2008,47,"Henry Walker","Washington Wizards"
"708",2008,48,"Malik Hairston","Phoenix Suns"
"709",2008,49,"Richard Hendrix","Golden State Warriors"
"710",2008,50,"DeVon Hardin","Oklahoma City Thunder"
"711",2008,51,"Shan Foster","Dallas Mavericks"
"712",2008,52,"Darnell Jackson","Miami Heat"
"713",2008,53,"Tadija Dragicevic","Utah Jazz"
"714",2008,54,"Maarty Leunen","Houston Rockets"
"715",2008,55,"Mike Taylor","Portland Trail Blazers"
"716",2008,56,"Sasha Kaun","Oklahoma City Thunder"
"717",2008,57,"James Gist","San Antonio Spurs"
"718",2008,58,"Joe Crawford","Los Angeles Lakers"
"719",2008,59,"Deron Washington","Detroit Pistons"
"720",2008,60,"Semih Erden","Boston Celtics"
"721",2007,1,"Greg Oden","Portland Trail Blazers"
"722",2007,2,"Kevin Durant","Seattle SuperSonics"
"723",2007,3,"Al Horford","Atlanta Hawks"
"724",2007,4,"Mike Conley","Memphis Grizzlies"
"725",2007,5,"Jeff Green","Boston Celtics"
"726",2007,6,"Yi Jianlian","Milwaukee Bucks"
"727",2007,7,"Corey Brewer","Minnesota Timberwolves"
"728",2007,8,"Brandan Wright","Charlotte Bobcats"
"729",2007,9,"Joakim Noah","Chicago Bulls"
"730",2007,10,"Spencer Hawes","Sacramento Kings"
"731",2007,11,"Acie Law","Atlanta Hawks"
"732",2007,12,"Thaddeus Young","Philadelphia 76ers"
"733",2007,13,"Julian Wright","New Orleans Hornets"
"734",2007,14,"Al Thornton","Los Angeles Clippers"
"735",2007,15,"Rodney Stuckey","Detroit Pistons"
"736",2007,16,"Nick Young","Washington Wizards"
"737",2007,17,"Sean Williams","New Jersey Nets"
"738",2007,18,"Marco Belinelli","Golden State Warriors"
"739",2007,19,"Javaris Crittenton","Los Angeles Lakers"
"740",2007,20,"Jason Smith","Miami Heat"
"741",2007,21,"Daequan Cook","Philadelphia 76ers"
"742",2007,22,"Jared Dudley","Charlotte Bobcats"
"743",2007,23,"Wilson Chandler","New York Knicks"
"744",2007,24,"Rudy Fernandez","Phoenix Suns"
"745",2007,25,"Morris Almond","Utah Jazz"
"746",2007,26,"Aaron Brooks","Houston Rockets"
"747",2007,27,"Arron Afflalo","Detroit Pistons"
"748",2007,28,"Tiago Splitter","San Antonio Spurs"
"749",2007,29,"Alando Tucker","Phoenix Suns"
"750",2007,30,"Petteri Koponen","Philadelphia 76ers"
"751",2007,31,"Carl Landry","Seattle SuperSonics"
"752",2007,32,"Gabe Pruitt","Boston Celtics"
"753",2007,33,"Marcus Williams","San Antonio Spurs"
"754",2007,34,"Nick Fazekas","Dallas Mavericks"
"755",2007,35,"Glen Davis","Seattle SuperSonics"
"756",2007,36,"Jermareo Davidson","Golden State Warriors"
"757",2007,37,"Josh McRoberts","Portland Trail Blazers"
"758",2007,38,"Kyrylo Fesenko","Philadelphia 76ers"
"759",2007,39,"Stanko Barac","Miami Heat"
"760",2007,40,"Sun Sun","Los Angeles Lakers"
"761",2007,41,"Chris Richard","Minnesota Timberwolves"
"762",2007,42,"Derrick Byars","Portland Trail Blazers"
"763",2007,43,"Adam Haluska","New Orleans Hornets"
"764",2007,44,"Reyshawn Terry","Orlando Magic"
"765",2007,45,"Jared Jordan","Los Angeles Clippers"
"766",2007,46,"Stephane Lasme","Golden State Warriors"
"767",2007,47,"Dominic McGuire","Washington Wizards"
"768",2007,48,"Marc Gasol","Los Angeles Lakers"
"769",2007,49,"Aaron Gray","Chicago Bulls"
"770",2007,50,"Renaldas Seibutis","Dallas Mavericks"
"771",2007,51,"JamesOn Curry","Chicago Bulls"
"772",2007,52,"Taurean Green","Portland Trail Blazers"
"773",2007,53,"Demetris Nichols","Portland Trail Blazers"
"774",2007,54,"Brad Newley","Houston Rockets"
"775",2007,55,"Herbert Hill","Utah Jazz"
"776",2007,56,"Ramon Sessions","Milwaukee Bucks"
"777",2007,57,"Sammy Mejia","Detroit Pistons"
"778",2007,58,"Giorgos Printezis","San Antonio Spurs"
"779",2007,59,"DJ Strawberry","Phoenix Suns"
"780",2007,60,"Milovan Rakovic","Dallas Mavericks"
"781",2006,1,"Andrea Bargnani","Toronto Raptors"
"782",2006,2,"LaMarcus Aldridge","Chicago Bulls"
"783",2006,3,"Adam Morrison","Charlotte Bobcats"
"784",2006,4,"Tyrus Thomas","Portland Trail Blazers"
"785",2006,5,"Shelden Williams","Atlanta Hawks"
"786",2006,6,"Brandon Roy","Minnesota Timberwolves"
"787",2006,7,"Randy Foye","Boston Celtics"
"788",2006,8,"Rudy Gay","Houston Rockets"
"789",2006,9,"Patrick O'Bryant","Golden State Warriors"
"790",2006,10,"Mouhamed Sene","Seattle SuperSonics"
"791",2006,11,"JJ Redick","Orlando Magic"
"792",2006,12,"Hilton Armstrong","New Orleans/Oklahoma City Hornets"
"793",2006,13,"Thabo Sefolosha","Philadelphia 76ers"
"794",2006,14,"Ronnie Brewer","Utah Jazz"
"795",2006,15,"Cedric Simmons","New Orleans/Oklahoma City Hornets"
"796",2006,16,"Rodney Carney","Chicago Bulls"
"797",2006,17,"Shawne Williams","Indiana Pacers"
"798",2006,18,"Oleksiy Pecherov","Washington Wizards"
"799",2006,19,"Quincy Douby","Sacramento Kings"
"800",2006,20,"Renaldo Balkman","New York Knicks"
"801",2006,21,"Rajon Rondo","Phoenix Suns"
"802",2006,22,"Marcus Williams","New Jersey Nets"
"803",2006,23,"Josh Boone","New Jersey Nets"
"804",2006,24,"Kyle Lowry","Memphis Grizzlies"
"805",2006,25,"Shannon Brown","Cleveland Cavaliers"
"806",2006,26,"Jordan Farmar","Los Angeles Lakers"
"807",2006,27,"Sergio Rodriguez","Phoenix Suns"
"808",2006,28,"Maurice Ager","Dallas Mavericks"
"809",2006,29,"Mardy Collins","New York Knicks"
"810",2006,30,"Joel Freeland","Portland Trail Blazers"
"811",2006,31,"James White","Portland Trail Blazers"
"812",2006,32,"Steve Novak","Houston Rockets"
"813",2006,33,"Solomon Jones","Atlanta Hawks"
"814",2006,34,"Paul Davis","Los Angeles Clippers"
"815",2006,35,"P.J. Tucker","Toronto Raptors"
"816",2006,36,"Craig Smith","Minnesota Timberwolves"
"817",2006,37,"Bobby Jones","Minnesota Timberwolves"
"818",2006,38,"Kosta Perovic","Golden State Warriors"
"819",2006,39,"David Noel","Milwaukee Bucks"
"820",2006,40,"Denham Brown","Seattle SuperSonics"
"821",2006,41,"James Augustine","Orlando Magic"
"822",2006,42,"Daniel Gibson","Cleveland Cavaliers"
"823",2006,43,"Marcus Vinicius","New Orleans/Oklahoma City Hornets"
"824",2006,44,"Lior Eliyahu","Orlando Magic"
"825",2006,45,"Alexander Johnson","Indiana Pacers"
"826",2006,46,"Dee Brown","Utah Jazz"
"827",2006,47,"Paul Millsap","Utah Jazz"
"828",2006,48,"Vladimir Veremeenko","Washington Wizards"
"829",2006,49,"Leon Powe","Denver Nuggets"
"830",2006,50,"Ryan Hollins","Charlotte Bobcats"
"831",2006,51,"Cheikh Samb","Los Angeles Lakers"
"832",2006,52,"Guillermo Diaz","Los Angeles Clippers"
"833",2006,53,"Yotam Halperin","Seattle SuperSonics"
"834",2006,54,"Hassan Adams","New Jersey Nets"
"835",2006,55,"Ejike Ugboaja","Cleveland Cavaliers"
"836",2006,56,"Edin Bavcic","Toronto Raptors"
"837",2006,57,"Loukas Mavrokefalidis","Minnesota Timberwolves"
"838",2006,58,"JR Pinnock","Dallas Mavericks"
"839",2006,59,"Damir Markota","San Antonio Spurs"
"840",2006,60,"Will Blalock","Detroit Pistons"
"841",2005,1,"Andrew Bogut","Milwaukee Bucks"
"842",2005,2,"Marvin Williams","Atlanta Hawks"
"843",2005,3,"Deron Williams","Utah Jazz"
"844",2005,4,"Chris Paul","New Orleans/Oklahoma City Hornets"
"845",2005,5,"Raymond Felton","Charlotte Bobcats"
"846",2005,6,"Martell Webster","Portland Trail Blazers"
"847",2005,7,"Charlie Villanueva","Toronto Raptors"
"848",2005,8,"Channing Frye","New York Knicks"
"849",2005,9,"Ike Diogu","Golden State Warriors"
"850",2005,10,"Andrew Bynum","Los Angeles Lakers"
"851",2005,11,"Fran Vazquez","Orlando Magic"
"852",2005,12,"Yaroslav Korolev","Los Angeles Clippers"
"853",2005,13,"Sean May","Charlotte Bobcats"
"854",2005,14,"Rashad McCants","Minnesota Timberwolves"
"855",2005,15,"Antoine Wright","New Jersey Nets"
"856",2005,16,"Joey Graham","Toronto Raptors"
"857",2005,17,"Danny Granger","Indiana Pacers"
"858",2005,18,"Gerald Green","Boston Celtics"
"859",2005,19,"Hakim Warrick","Memphis Grizzlies"
"860",2005,20,"Julius Hodge","Denver Nuggets"
"861",2005,21,"Nate Robinson","Phoenix Suns"
"862",2005,22,"Jarrett Jack","Denver Nuggets"
"863",2005,23,"Francisco Garcia","Sacramento Kings"
"864",2005,24,"Luther Head","Houston Rockets"
"865",2005,25,"Johan Petro","Seattle SuperSonics"
"866",2005,26,"Jason Maxiell","Detroit Pistons"
"867",2005,27,"Linas Kleiza","Portland Trail Blazers"
"868",2005,28,"Ian Mahinmi","San Antonio Spurs"
"869",2005,29,"Wayne Simien","Miami Heat"
"870",2005,30,"David Lee","New York Knicks"
"871",2005,31,"Salim Stoudamire","Atlanta Hawks"
"872",2005,32,"Daniel Ewing","Los Angeles Clippers"
"873",2005,33,"Brandon Bass","New Orleans/Oklahoma City Hornets"
"874",2005,34,"CJ Miles","Utah Jazz"
"875",2005,35,"Ricky Sanchez","Portland Trail Blazers"
"876",2005,36,"Ersan Ilyasova","Milwaukee Bucks"
"877",2005,37,"Ronny Turiaf","Los Angeles Lakers"
"878",2005,38,"Travis Diener","Orlando Magic"
"879",2005,39,"Von Wafer","Los Angeles Lakers"
"880",2005,40,"Monta Ellis","Golden State Warriors"
"881",2005,41,"Roko Ukic","Toronto Raptors"
"882",2005,42,"Chris Taft","Golden State Warriors"
"883",2005,43,"Mile Ilic","New Jersey Nets"
"884",2005,44,"Martynas Andriuskevicius","Orlando Magic"
"885",2005,45,"Lou Williams","Philadelphia 76ers"
"886",2005,46,"Erazem Lorbek","Indiana Pacers"
"887",2005,47,"Bracey Wright","Minnesota Timberwolves"
"888",2005,48,"Mickael Gelabale","Seattle SuperSonics"
"889",2005,49,"Andray Blatche","Washington Wizards"
"890",2005,50,"Ryan Gomes","Boston Celtics"
"891",2005,51,"Robert Whaley","Utah Jazz"
"892",2005,52,"Axel Hervelle","Denver Nuggets"
"893",2005,53,"Orien Greene","Boston Celtics"
"894",2005,54,"Dijon Thompson","New York Knicks"
"895",2005,55,"Lawrence Roberts","Seattle SuperSonics"
"896",2005,56,"Amir Johnson","Detroit Pistons"
"897",2005,57,"Marcin Gortat","Phoenix Suns"
"898",2005,58,"Uros Slokar","Toronto Raptors"
"899",2005,59,"Cenk Akyol","Atlanta Hawks"
"900",2005,60,"Alex Acker","Detroit Pistons"
"901",2004,1,"Dwight Howard","Orlando Magic"
"902",2004,2,"Emeka Okafor","Charlotte Bobcats"
"903",2004,3,"Ben Gordon","Chicago Bulls"
"904",2004,4,"Shaun Livingston","Los Angeles Clippers"
"905",2004,5,"Devin Harris","Washington Wizards"
"906",2004,6,"Josh Childress","Atlanta Hawks"
"907",2004,7,"Luol Deng","Phoenix Suns"
"908",2004,8,"Rafael Araujo","Toronto Raptors"
"909",2004,9,"Andre Iguodala","Philadelphia 76ers"
"910",2004,10,"Luke Jackson","Cleveland Cavaliers"
"911",2004,11,"Andris Biedrins","Golden State Warriors"
"912",2004,12,"Robert Swift","Seattle SuperSonics"
"913",2004,13,"Sebastian Telfair","Portland Trail Blazers"
"914",2004,14,"Kris Humphries","Utah Jazz"
"915",2004,15,"Al Jefferson","Boston Celtics"
"916",2004,16,"Kirk Snyder","Utah Jazz"
"917",2004,17,"Josh Smith","Atlanta Hawks"
"918",2004,18,"JR Smith","New Orleans Hornets"
"919",2004,19,"Dorell Wright","Miami Heat"
"920",2004,20,"Jameer Nelson","Denver Nuggets"
"921",2004,21,"Pavel Podkolzin","Utah Jazz"
"922",2004,22,"Viktor Khryapa","New Jersey Nets"
"923",2004,23,"Sergei Monia","Portland Trail Blazers"
"924",2004,24,"Delonte West","Boston Celtics"
"925",2004,25,"Tony Allen","Boston Celtics"
"926",2004,26,"Kevin Martin","Sacramento Kings"
"927",2004,27,"Sasha Vujacic","Los Angeles Lakers"
"928",2004,28,"Beno Udrih","San Antonio Spurs"
"929",2004,29,"David Harrison","Indiana Pacers"
"930",2004,30,"Anderson Varejao","Orlando Magic"
"931",2004,31,"Jackson Vroman","Chicago Bulls"
"932",2004,32,"Peter John Ramos","Washington Wizards"
"933",2004,33,"Lionel Chalmers","Los Angeles Clippers"
"934",2004,34,"Donta Smith","Atlanta Hawks"
"935",2004,35,"Andre Emmett","Seattle SuperSonics"
"936",2004,36,"Antonio Burks","Orlando Magic"
"937",2004,37,"Royal Ivey","Atlanta Hawks"
"938",2004,38,"Chris Duhon","Chicago Bulls"
"939",2004,39,"Albert Miralles","Toronto Raptors"
"940",2004,40,"Justin Reed","Boston Celtics"
"941",2004,41,"David Young","Seattle SuperSonics"
"942",2004,42,"Viktor Sanikidze","Atlanta Hawks"
"943",2004,43,"Trevor Ariza","New York Knicks"
"944",2004,44,"Tim Pickett","New Orleans Hornets"
"945",2004,45,"Bernard Robinson","Charlotte Bobcats"
"946",2004,46,"Ha Ha","Portland Trail Blazers"
"947",2004,47,"Pape Sow","Miami Heat"
"948",2004,48,"Ricky Minard","Sacramento Kings"
"949",2004,49,"Sergei Lishouk","Memphis Grizzlies"
"950",2004,50,"Vassilis Spanoulis","Dallas Mavericks"
"951",2004,51,"Christian Drejer","New Jersey Nets"
"952",2004,52,"Romain Sato","San Antonio Spurs"
"953",2004,53,"Matt Freije","Miami Heat"
"954",2004,54,"Rickey Paulding","Detroit Pistons"
"955",2004,55,"Luis Flores","Houston Rockets"
"956",2004,56,"Marcus Douthit","Los Angeles Lakers"
"957",2004,57,"Sergei Karaulov","San Antonio Spurs"
"958",2004,58,"Blake Stepp","Minnesota Timberwolves"
"959",2004,59,"Rashad Wright","Indiana Pacers"
"960",2003,1,"LeBron James","Cleveland Cavaliers"
"961",2003,2,"Darko Milicic","Detroit Pistons"
"962",2003,3,"Carmelo Anthony","Denver Nuggets"
"963",2003,4,"Chris Bosh","Toronto Raptors"
"964",2003,5,"Dwyane Wade","Miami Heat"
"965",2003,6,"Chris Kaman","Los Angeles Clippers"
"966",2003,7,"Kirk Hinrich","Chicago Bulls"
"967",2003,8,"T.J. Ford","Milwaukee Bucks"
"968",2003,9,"Michael Sweetney","New York Knicks"
"969",2003,10,"Jarvis Hayes","Washington Wizards"
"970",2003,11,"Mickael Pietrus","Golden State Warriors"
"971",2003,12,"Nick Collison","Seattle SuperSonics"
"972",2003,13,"Marcus Banks","Memphis Grizzlies"
"973",2003,14,"Luke Ridnour","Seattle SuperSonics"
"974",2003,15,"Reece Gaines","Orlando Magic"
"975",2003,16,"Troy Bell","Boston Celtics"
"976",2003,17,"Zarko Cabarkapa","Phoenix Suns"
"977",2003,18,"David West","New Orleans Hornets"
"978",2003,19,"Sasha Pavlovic","Utah Jazz"
"979",2003,20,"Dahntay Jones","Boston Celtics"
"980",2003,21,"Boris Diaw","Atlanta Hawks"
"981",2003,22,"Zoran Planinic","New Jersey Nets"
"982",2003,23,"Travis Outlaw","Portland Trail Blazers"
"983",2003,24,"Brian Cook","Los Angeles Lakers"
"984",2003,25,"Carlos Delfino","Detroit Pistons"
"985",2003,26,"Ndudi Ebi","Minnesota Timberwolves"
"986",2003,27,"Kendrick Perkins","Memphis Grizzlies"
"987",2003,28,"Leandro Barbosa","San Antonio Spurs"
"988",2003,29,"Josh Howard","Dallas Mavericks"
"989",2003,30,"Maciej Lampe","New York Knicks"
"990",2003,31,"Jason Kapono","Cleveland Cavaliers"
"991",2003,32,"Luke Walton","Los Angeles Lakers"
"992",2003,33,"Jerome Beasley","Miami Heat"
"993",2003,34,"Sofoklis Schortsanitis","Los Angeles Clippers"
"994",2003,35,"Szymon Szewczyk","Milwaukee Bucks"
"995",2003,36,"Mario Austin","Chicago Bulls"
"996",2003,37,"Travis Hansen","Atlanta Hawks"
"997",2003,38,"Steve Blake","Washington Wizards"
"998",2003,39,"Slavko Vranes","New York Knicks"
"999",2003,40,"Derrick Zimmerman","Golden State Warriors"
"1000",2003,41,"Willie Green","Seattle SuperSonics"
"1001",2003,42,"Zaza Pachulia","Orlando Magic"
"1002",2003,43,"Keith Bogans","Milwaukee Bucks"
"1003",2003,44,"Malick Badiane","Houston Rockets"
"1004",2003,45,"Matt Bonner","Chicago Bulls"
"1005",2003,46,"Sani Becirovic","Denver Nuggets"
"1006",2003,47,"Mo Williams","Utah Jazz"
"1007",2003,48,"James Lang","New Orleans Hornets"
"1008",2003,49,"James Jones","Indiana Pacers"
"1009",2003,50,"Paccelis Morlende","Philadelphia 76ers"
"1010",2003,51,"Kyle Korver","New Jersey Nets"
"1011",2003,52,"Remon Van de Hare","Toronto Raptors"
"1012",2003,53,"Tommy Smith","Chicago Bulls"
"1013",2003,54,"Nedzad Sinanovic","Portland Trail Blazers"
"1014",2003,55,"Rick Rickert","Minnesota Timberwolves"
"1015",2003,56,"Brandon Hunter","Boston Celtics"
"1016",2003,57,"Xue Yuyang","Dallas Mavericks"
"1017",2003,58,"Andreas Glyniadakis","Detroit Pistons"
"1018",2002,1,"Yao Ming","Houston Rockets"
"1019",2002,2,"Jay Williams","Chicago Bulls"
"1020",2002,3,"Mike Dunleavy","Golden State Warriors"
"1021",2002,4,"Drew Gooden","Memphis Grizzlies"
"1022",2002,5,"Nikoloz Tskitishvili","Denver Nuggets"
"1023",2002,6,"Dajuan Wagner","Cleveland Cavaliers"
"1024",2002,7,"Nene","New York Knicks"
"1025",2002,8,"Chris Wilcox","Los Angeles Clippers"
"1026",2002,9,"Amar'e Stoudemire","Phoenix Suns"
"1027",2002,10,"Caron Butler","Miami Heat"
"1028",2002,11,"Jared Jeffries","Washington Wizards"
"1029",2002,12,"Melvin Ely","Los Angeles Clippers"
"1030",2002,13,"Marcus Haislip","Milwaukee Bucks"
"1031",2002,14,"Fred Jones","Indiana Pacers"
"1032",2002,15,"Bostjan Nachbar","Houston Rockets"
"1033",2002,16,"Jiri Welsch","Philadelphia 76ers"
"1034",2002,17,"Juan Dixon","Washington Wizards"
"1035",2002,18,"Curtis Borchardt","Orlando Magic"
"1036",2002,19,"Ryan Humphrey","Utah Jazz"
"1037",2002,20,"Kareem Rush","Toronto Raptors"
"1038",2002,21,"Qyntel Woods","Portland Trail Blazers"
"1039",2002,22,"Casey Jacobsen","Phoenix Suns"
"1040",2002,23,"Tayshaun Prince","Detroit Pistons"
"1041",2002,24,"Nenad Krstic","New Jersey Nets"
"1042",2002,25,"Frank Williams","Denver Nuggets"
"1043",2002,26,"John Salmons","San Antonio Spurs"
"1044",2002,27,"Chris Jefferies","Los Angeles Lakers"
"1045",2002,28,"Dan Dickau","Sacramento Kings"
"1046",2002,29,"Steve Logan","Golden State Warriors"
"1047",2002,30,"Roger Mason Jr.","Chicago Bulls"
"1048",2002,31,"Robert Archibald","Memphis Grizzlies"
"1049",2002,32,"Vincent Yarbrough","Denver Nuggets"
"1050",2002,33,"Dan Gadzuric","Milwaukee Bucks"
"1051",2002,34,"Carlos Boozer","Cleveland Cavaliers"
"1052",2002,35,"Milos Vujanic","New York Knicks"
"1053",2002,36,"David Andersen","Atlanta Hawks"
"1054",2002,37,"Tito Maddox","Houston Rockets"
"1055",2002,38,"Rod Grizzard","Washington Wizards"
"1056",2002,39,"Juan Carlos Navarro","Washington Wizards"
"1057",2002,40,"Mario Kasun","Los Angeles Clippers"
"1058",2002,41,"Flip Murray","Milwaukee Bucks"
"1059",2002,42,"Jason Jennings","Portland Trail Blazers"
"1060",2002,43,"Lonny Baxter","Chicago Bulls"
"1061",2002,44,"Sam Clancy","Philadelphia 76ers"
"1062",2002,45,"Matt Barnes","Memphis Grizzlies"
"1063",2002,46,"Jamal Sampson","Utah Jazz"
"1064",2002,47,"Chris Owens","Milwaukee Bucks"
"1065",2002,48,"Peter Fehse","Seattle SuperSonics"
"1066",2002,49,"Darius Songaila","Boston Celtics"
"1067",2002,50,"Federico Kammerichs","Portland Trail Blazers"
"1068",2002,51,"Marcus Taylor","Minnesota Timberwolves"
"1069",2002,52,"Rasual Butler","Miami Heat"
"1070",2002,53,"Tamar Slay","New Jersey Nets"
"1071",2002,54,"Mladen Sekularac","Dallas Mavericks"
"1072",2002,55,"Luis Scola","San Antonio Spurs"
"1073",2002,56,"Randy Holcomb","San Antonio Spurs"
"1074",2002,57,"Corsley Edwards","Sacramento Kings"
"1075",2001,1,"Kwame Brown","Washington Wizards"
"1076",2001,2,"Tyson Chandler","Los Angeles Clippers"
"1077",2001,3,"Pau Gasol","Atlanta Hawks"
"1078",2001,4,"Eddy Curry","Chicago Bulls"
"1079",2001,5,"Jason Richardson","Golden State Warriors"
"1080",2001,6,"Shane Battier","Memphis Grizzlies"
"1081",2001,7,"Eddie Griffin","New Jersey Nets"
"1082",2001,8,"DeSagana Diop","Cleveland Cavaliers"
"1083",2001,9,"Rodney White","Detroit Pistons"
"1084",2001,10,"Joe Johnson","Boston Celtics"
"1085",2001,11,"Kedrick Brown","Boston Celtics"
"1086",2001,12,"Vladimir Radmanovic","Seattle SuperSonics"
"1087",2001,13,"Richard Jefferson","Houston Rockets"
"1088",2001,14,"Troy Murphy","Golden State Warriors"
"1089",2001,15,"Steven Hunter","Orlando Magic"
"1090",2001,16,"Kirk Haston","Charlotte Hornets"
"1091",2001,17,"Michael Bradley","Toronto Raptors"
"1092",2001,18,"Jason Collins","Houston Rockets"
"1093",2001,19,"Zach Randolph","Portland Trail Blazers"
"1094",2001,20,"Brendan Haywood","Cleveland Cavaliers"
"1095",2001,21,"Joseph Forte","Boston Celtics"
"1096",2001,22,"Jeryl Sasser","Orlando Magic"
"1097",2001,23,"Brandon Armstrong","Houston Rockets"
"1098",2001,24,"Raul Lopez","Utah Jazz"
"1099",2001,25,"Gerald Wallace","Sacramento Kings"
"1100",2001,26,"Samuel Dalembert","Philadelphia 76ers"
"1101",2001,27,"Jamaal Tinsley","Memphis Grizzlies"
"1102",2001,28,"Tony Parker","San Antonio Spurs"
"1103",2001,29,"Trenton Hassell","Chicago Bulls"
"1104",2001,30,"Gilbert Arenas","Golden State Warriors"
"1105",2001,31,"Omar Cook","Orlando Magic"
"1106",2001,32,"Will Solomon","Memphis Grizzlies"
"1107",2001,33,"Terence Morris","Atlanta Hawks"
"1108",2001,34,"Brian Scalabrine","New Jersey Nets"
"1109",2001,35,"Jeff Trepagnier","Cleveland Cavaliers"
"1110",2001,36,"Damone Brown","Philadelphia 76ers"
"1111",2001,37,"Mehmet Okur","Detroit Pistons"
"1112",2001,38,"Michael Wright","New York Knicks"
"1113",2001,39,"Earl Watson","Seattle SuperSonics"
"1114",2001,40,"Jamison Brewer","Indiana Pacers"
"1115",2001,41,"Bobby Simmons","Seattle SuperSonics"
"1116",2001,42,"Eric Chenowith","New York Knicks"
"1117",2001,43,"Kyle Hill","Dallas Mavericks"
"1118",2001,44,"Sean Lampley","Chicago Bulls"
"1119",2001,45,"Loren Woods","Minnesota Timberwolves"
"1120",2001,46,"Ousmane Cisse","Denver Nuggets"
"1121",2001,47,"Antonis Fotsis","Memphis Grizzlies"
"1122",2001,48,"Ken Johnson","Miami Heat"
"1123",2001,49,"Ruben Boumtje-Boumtje","Portland Trail Blazers"
"1124",2001,50,"Alton Ford","Phoenix Suns"
"1125",2001,51,"Andre Hutson","Milwaukee Bucks"
"1126",2001,52,"Jarron Collins","Utah Jazz"
"1127",2001,53,"Kenny Satterfield","Dallas Mavericks"
"1128",2001,54,"Maurice Jeffers","Sacramento Kings"
"1129",2001,55,"Robertas Javtokas","San Antonio Spurs"
"1130",2001,56,"Alvin Jones","Philadelphia 76ers"
"1131",2001,57,"Bryan Bracey","San Antonio Spurs"
"1132",2000,1,"Kenyon Martin","New Jersey Nets"
"1133",2000,2,"Stromile Swift","Vancouver Grizzlies"
"1134",2000,3,"Darius Miles","Los Angeles Clippers"
"1135",2000,4,"Marcus Fizer","Chicago Bulls"
"1136",2000,5,"Mike Miller","Orlando Magic"
"1137",2000,6,"DerMarr Johnson","Atlanta Hawks"
"1138",2000,7,"Chris Mihm","Chicago Bulls"
"1139",2000,8,"Jamal Crawford","Cleveland Cavaliers"
"1140",2000,9,"Joel Przybilla","Houston Rockets"
"1141",2000,10,"Keyon Dooling","Orlando Magic"
"1142",2000,11,"Jerome Moiso","Boston Celtics"
"1143",2000,12,"Etan Thomas","Dallas Mavericks"
"1144",2000,13,"Courtney Alexander","Orlando Magic"
"1145",2000,14,"Mateen Cleaves","Detroit Pistons"
"1146",2000,15,"Jason Collier","Milwaukee Bucks"
"1147",2000,16,"Hedo Turkoglu","Sacramento Kings"
"1148",2000,17,"Desmond Mason","Seattle SuperSonics"
"1149",2000,18,"Quentin Richardson","Los Angeles Clippers"
"1150",2000,19,"Jamaal Magloire","Charlotte Hornets"
"1151",2000,20,"Speedy Claxton","Philadelphia 76ers"
"1152",2000,21,"Morris Peterson","Toronto Raptors"
"1153",2000,22,"Donnell Harvey","New York Knicks"
"1154",2000,23,"DeShawn Stevenson","Utah Jazz"
"1155",2000,24,"Dalibor Bagaric","Chicago Bulls"
"1156",2000,25,"Jake Tsakalidis","Phoenix Suns"
"1157",2000,26,"Mamadou N'diaye","Denver Nuggets"
"1158",2000,27,"Primoz Brezec","Indiana Pacers"
"1159",2000,28,"Erick Barkley","Portland Trail Blazers"
"1160",2000,29,"Mark Madsen","Los Angeles Lakers"
"1161",2000,30,"Marko Jaric","Los Angeles Clippers"
"1162",2000,31,"Dan Langhi","Dallas Mavericks"
"1163",2000,32,"A.J. Guyton","Chicago Bulls"
"1164",2000,33,"Jake Voskuhl","Chicago Bulls"
"1165",2000,34,"Khalid El-Amin","Chicago Bulls"
"1166",2000,35,"Mike Smith","Washington Wizards"
"1167",2000,36,"Soumaila Samake","New Jersey Nets"
"1168",2000,37,"Eddie House","Miami Heat"
"1169",2000,38,"Eduardo Najera","Houston Rockets"
"1170",2000,39,"Lavor Postell","New York Knicks"
"1171",2000,40,"Hanno Mottola","Atlanta Hawks"
"1172",2000,41,"Chris Carrawell","San Antonio Spurs"
"1173",2000,42,"Olumide Oyedeji","Seattle SuperSonics"
"1174",2000,43,"Michael Redd","Milwaukee Bucks"
"1175",2000,44,"Brian Cardinal","Detroit Pistons"
"1176",2000,45,"Jabari Smith","Sacramento Kings"
"1177",2000,46,"DeeAndre Hulett","Toronto Raptors"
"1178",2000,47,"Josip Sesar","Seattle SuperSonics"
"1179",2000,48,"Mark Karcher","Philadelphia 76ers"
"1180",2000,49,"Jason Hart","Milwaukee Bucks"
"1181",2000,50,"Kaniel Dickens","Utah Jazz"
"1182",2000,51,"Igor Rakocevic","Minnesota Timberwolves"
"1183",2000,52,"Ernest Brown","Miami Heat"
"1184",2000,53,"Dan McClintock","Denver Nuggets"
"1185",2000,54,"Cory Hightower","San Antonio Spurs"
"1186",2000,55,"Chris Porter","Golden State Warriors"
"1187",2000,56,"Jaquay Walls","Indiana Pacers"
"1188",2000,57,"Scoonie Penn","Atlanta Hawks"
"1189",2000,58,"Pete Mickeal","Dallas Mavericks"
"1190",1999,1,"Elton Brand","Chicago Bulls"
"1191",1999,2,"Steve Francis","Vancouver Grizzlies"
"1192",1999,3,"Baron Davis","Charlotte Hornets"
"1193",1999,4,"Lamar Odom","Los Angeles Clippers"
"1194",1999,5,"Jonathan Bender","Toronto Raptors"
"1195",1999,6,"Wally Szczerbiak","Minnesota Timberwolves"
"1196",1999,7,"Richard Hamilton","Washington Wizards"
"1197",1999,8,"Andre Miller","Cleveland Cavaliers"
"1198",1999,9,"Shawn Marion","Phoenix Suns"
"1199",1999,10,"Jason Terry","Atlanta Hawks"
"1200",1999,11,"Trajan Langdon","Cleveland Cavaliers"
"1201",1999,12,"Aleksandar Radojevic","Toronto Raptors"
"1202",1999,13,"Corey Maggette","Seattle SuperSonics"
"1203",1999,14,"William Avery","Minnesota Timberwolves"
"1204",1999,15,"Frederic Weis","New York Knicks"
"1205",1999,16,"Metta World Peace","Chicago Bulls"
"1206",1999,17,"Cal Bowdler","Atlanta Hawks"
"1207",1999,18,"James Posey","Denver Nuggets"
"1208",1999,19,"Quincy Lewis","Utah Jazz"
"1209",1999,20,"Dion Glover","Atlanta Hawks"
"1210",1999,21,"Jeff Foster","Golden State Warriors"
"1211",1999,22,"Kenny Thomas","Houston Rockets"
"1212",1999,23,"Devean George","Los Angeles Lakers"
"1213",1999,24,"Andrei Kirilenko","Utah Jazz"
"1214",1999,25,"Tim James","Miami Heat"
"1215",1999,26,"Vonteego Cummings","Indiana Pacers"
"1216",1999,27,"Jumaine Jones","Atlanta Hawks"
"1217",1999,28,"Scott Padgett","Utah Jazz"
"1218",1999,29,"Leon Smith","San Antonio Spurs"
"1219",1999,30,"John Celestand","Los Angeles Lakers"
"1220",1999,31,"Rico Hill","Los Angeles Clippers"
"1221",1999,32,"Michael Ruffin","Chicago Bulls"
"1222",1999,33,"Chris Herren","Denver Nuggets"
"1223",1999,34,"Evan Eschmeyer","New Jersey Nets"
"1224",1999,35,"Calvin Booth","Washington Wizards"
"1225",1999,36,"Wang Zhi-zhi","Dallas Mavericks"
"1226",1999,37,"Obinna Ekezie","Vancouver Grizzlies"
"1227",1999,38,"Laron Profit","Orlando Magic"
"1228",1999,39,"A.J. Bramlett","Cleveland Cavaliers"
"1229",1999,40,"Gordan Giricek","Dallas Mavericks"
"1230",1999,41,"Francisco Elson","Denver Nuggets"
"1231",1999,42,"Louis Bullock","Minnesota Timberwolves"
"1232",1999,43,"Lee Nailon","Charlotte Hornets"
"1233",1999,44,"Tyrone Washington","Houston Rockets"
"1234",1999,45,"Ryan Robertson","Sacramento Kings"
"1235",1999,46,"J.R. Koch","New York Knicks"
"1236",1999,47,"Todd MacCulloch","Philadelphia 76ers"
"1237",1999,48,"Galen Young","Milwaukee Bucks"
"1238",1999,49,"Lari Ketner","Chicago Bulls"
"1239",1999,50,"Venson Hamilton","Houston Rockets"
"1240",1999,51,"Antwain Smith","Vancouver Grizzlies"
"1241",1999,52,"Roberto Bergersen","Portland Trail Blazers"
"1242",1999,53,"Rodney Buford","Miami Heat"
"1243",1999,54,"Melvin Levett","Detroit Pistons"
"1244",1999,55,"Kris Clack","Boston Celtics"
"1245",1999,56,"Tim Young","Golden State Warriors"
"1246",1999,57,"Manu Ginobili","San Antonio Spurs"
"1247",1999,58,"Eddie Lucas","Utah Jazz"
"1248",1998,1,"Michael Olowokandi","Los Angeles Clippers"
"1249",1998,2,"Mike Bibby","Vancouver Grizzlies"
"1250",1998,3,"Raef LaFrentz","Denver Nuggets"
"1251",1998,4,"Antawn Jamison","Toronto Raptors"
"1252",1998,5,"Vince Carter","Golden State Warriors"
"1253",1998,6,"Robert Traylor","Dallas Mavericks"
"1254",1998,7,"Jason Williams","Sacramento Kings"
"1255",1998,8,"Larry Hughes","Philadelphia 76ers"
"1256",1998,9,"Dirk Nowitzki","Milwaukee Bucks"
"1257",1998,10,"Paul Pierce","Boston Celtics"
"1258",1998,11,"Bonzi Wells","Detroit Pistons"
"1259",1998,12,"Michael Doleac","Orlando Magic"
"1260",1998,13,"Keon Clark","Orlando Magic"
"1261",1998,14,"Michael Dickerson","Houston Rockets"
"1262",1998,15,"Matt Harpring","Orlando Magic"
"1263",1998,16,"Bryce Drew","Houston Rockets"
"1264",1998,17,"Rasho Nesterovic","Minnesota Timberwolves"
"1265",1998,18,"Mirsad Turkcan","Houston Rockets"
"1266",1998,19,"Pat Garrity","Milwaukee Bucks"
"1267",1998,20,"Roshown McLeod","Atlanta Hawks"
"1268",1998,21,"Ricky Davis","Charlotte Hornets"
"1269",1998,22,"Brian Skinner","Los Angeles Clippers"
"1270",1998,23,"Tyronn Lue","Denver Nuggets"
"1271",1998,24,"Felipe Lopez","San Antonio Spurs"
"1272",1998,25,"Al Harrington","Indiana Pacers"
"1273",1998,26,"Sam Jacobson","Los Angeles Lakers"
"1274",1998,27,"Vladimir Stepania","Seattle SuperSonics"
"1275",1998,28,"Corey Benjamin","Chicago Bulls"
"1276",1998,29,"Nazr Mohammed","Utah Jazz"
"1277",1998,30,"Ansu Sesay","Dallas Mavericks"
"1278",1998,31,"Ruben Patterson","Los Angeles Lakers"
"1279",1998,32,"Rashard Lewis","Seattle SuperSonics"
"1280",1998,33,"Jelani McCoy","Seattle SuperSonics"
"1281",1998,34,"Shammond Williams","Chicago Bulls"
"1282",1998,35,"Bruno Sundov","Dallas Mavericks"
"1283",1998,36,"Jerome James","Sacramento Kings"
"1284",1998,37,"Casey Shaw","Philadelphia 76ers"
"1285",1998,38,"DeMarco Johnson","New York Knicks"
"1286",1998,39,"Rafer Alston","Milwaukee Bucks"
"1287",1998,40,"Korleone Young","Detroit Pistons"
"1288",1998,41,"Cuttino Mobley","Houston Rockets"
"1289",1998,42,"Miles Simon","Orlando Magic"
"1290",1998,43,"Jahidi White","Washington Wizards"
"1291",1998,44,"Sean Marks","New York Knicks"
"1292",1998,45,"Toby Bailey","Los Angeles Lakers"
"1293",1998,46,"Andrae Patterson","Minnesota Timberwolves"
"1294",1998,47,"Tyson Wheeler","Toronto Raptors"
"1295",1998,48,"Ryan Stack","Cleveland Cavaliers"
"1296",1998,49,"Cory Carr","Atlanta Hawks"
"1297",1998,50,"Andrew Betts","Charlotte Hornets"
"1298",1998,51,"Corey Brewer","Miami Heat"
"1299",1998,52,"Derrick Dial","San Antonio Spurs"
"1300",1998,53,"Greg Buckner","Dallas Mavericks"
"1301",1998,54,"Tremaine Fowlkes","Denver Nuggets"
"1302",1998,55,"Ryan Bowen","Denver Nuggets"
"1303",1998,56,"J.R. Henderson","Vancouver Grizzlies"
"1304",1998,57,"Torraye Braggs","Utah Jazz"
"1305",1998,58,"Maceo Baston","Chicago Bulls"
"1306",1997,1,"Tim Duncan","San Antonio Spurs"
"1307",1997,2,"Keith Van Horn","Philadelphia 76ers"
"1308",1997,3,"Chauncey Billups","Boston Celtics"
"1309",1997,4,"Antonio Daniels","Vancouver Grizzlies"
"1310",1997,5,"Tony Battie","Denver Nuggets"
"1311",1997,6,"Ron Mercer","Boston Celtics"
"1312",1997,7,"Tim Thomas","New Jersey Nets"
"1313",1997,8,"Adonal Foyle","Golden State Warriors"
"1314",1997,9,"Tracy McGrady","Toronto Raptors"
"1315",1997,10,"Danny Fortson","Milwaukee Bucks"
"1316",1997,11,"Tariq Abdul-Wahad","Sacramento Kings"
"1317",1997,12,"Austin Croshere","Indiana Pacers"
"1318",1997,13,"Derek Anderson","Cleveland Cavaliers"
"1319",1997,14,"Maurice Taylor","Los Angeles Clippers"
"1320",1997,15,"Kelvin Cato","Dallas Mavericks"
"1321",1997,16,"Brevin Knight","Cleveland Cavaliers"
"1322",1997,17,"Johnny Taylor","Orlando Magic"
"1323",1997,18,"Chris Anstey","Portland Trail Blazers"
"1324",1997,19,"Scot Pollard","Detroit Pistons"
"1325",1997,20,"Paul Grant","Minnesota Timberwolves"
"1326",1997,21,"Anthony Parker","New Jersey Nets"
"1327",1997,22,"Ed Gray","Atlanta Hawks"
"1328",1997,23,"Bobby Jackson","Seattle SuperSonics"
"1329",1997,24,"Rodrick Rhodes","Houston Rockets"
"1330",1997,25,"John Thomas","New York Knicks"
"1331",1997,26,"Charles Smith","Miami Heat"
"1332",1997,27,"Jacque Vaughn","Utah Jazz"
"1333",1997,28,"Keith Booth","Chicago Bulls"
"1334",1997,29,"Serge Zwikker","Houston Rockets"
"1335",1997,30,"Mark Sanford","Miami Heat"
"1336",1997,31,"Charles O'Bannon","Detroit Pistons"
"1337",1997,32,"James Cotton","Denver Nuggets"
"1338",1997,33,"Marko Milic","Philadelphia 76ers"
"1339",1997,34,"Bubba Wells","Dallas Mavericks"
"1340",1997,35,"Kebu Stewart","Philadelphia 76ers"
"1341",1997,36,"James Collins","Philadelphia 76ers"
"1342",1997,37,"Marc Jackson","Golden State Warriors"
"1343",1997,38,"Jerald Honeycutt","Milwaukee Bucks"
"1344",1997,39,"Anthony Johnson","Sacramento Kings"
"1345",1997,40,"Eddie Elisma","Seattle SuperSonics"
"1346",1997,41,"Jason Lawson","Denver Nuggets"
"1347",1997,42,"Stephen Jackson","Phoenix Suns"
"1348",1997,43,"Gordon Malone","Minnesota Timberwolves"
"1349",1997,44,"Cedric Henderson","Cleveland Cavaliers"
"1350",1997,45,"God Shammgod","Washington Wizards"
"1351",1997,46,"Eric Washington","Orlando Magic"
"1352",1997,47,"Alvin Williams","Portland Trail Blazers"
"1353",1997,48,"Predrag Drobnjak","Washington Wizards"
"1354",1997,49,"Alain Digbeau","Atlanta Hawks"
"1355",1997,50,"Chris Crawford","Atlanta Hawks"
"1356",1997,51,"DeJuan Wheat","Los Angeles Lakers"
"1357",1997,52,"C.J. Bruton","Vancouver Grizzlies"
"1358",1997,53,"Paul Rogers","Los Angeles Lakers"
"1359",1997,54,"Mark Blount","Seattle SuperSonics"
"1360",1997,55,"Ben Pepper","Boston Celtics"
"1361",1997,56,"Nate Erdmann","Utah Jazz"
"1362",1997,57,"Roberto Duenas","Chicago Bulls"
"1363",1996,1,"Allen Iverson","Philadelphia 76ers"
"1364",1996,2,"Marcus Camby","Toronto Raptors"
"1365",1996,3,"Shareef Abdur-Rahim","Vancouver Grizzlies"
"1366",1996,4,"Stephon Marbury","Milwaukee Bucks"
"1367",1996,5,"Ray Allen","Minnesota Timberwolves"
"1368",1996,6,"Antoine Walker","Boston Celtics"
"1369",1996,7,"Lorenzen Wright","Los Angeles Clippers"
"1370",1996,8,"Kerry Kittles","New Jersey Nets"
"1371",1996,9,"Samaki Walker","Dallas Mavericks"
"1372",1996,10,"Erick Dampier","Indiana Pacers"
"1373",1996,11,"Todd Fuller","Golden State Warriors"
"1374",1996,12,"Vitaly Potapenko","Cleveland Cavaliers"
"1375",1996,13,"Kobe Bryant","Charlotte Hornets"
"1376",1996,14,"Peja Stojakovic","Sacramento Kings"
"1377",1996,15,"Steve Nash","Phoenix Suns"
"1378",1996,16,"Tony Delk","Charlotte Hornets"
"1379",1996,17,"Jermaine O'Neal","Portland Trail Blazers"
"1380",1996,18,"John Wallace","New York Knicks"
"1381",1996,19,"Walter McCarty","New York Knicks"
"1382",1996,20,"Zydrunas Ilgauskas","Cleveland Cavaliers"
"1383",1996,21,"Dontae' Jones","New York Knicks"
"1384",1996,22,"Roy Rogers","Vancouver Grizzlies"
"1385",1996,23,"Efthimios Rentzias","Denver Nuggets"
"1386",1996,24,"Derek Fisher","Los Angeles Lakers"
"1387",1996,25,"Martin Muursepp","Utah Jazz"
"1388",1996,26,"Jerome Williams","Detroit Pistons"
"1389",1996,27,"Brian Evans","Orlando Magic"
"1390",1996,28,"Priest Lauderdale","Atlanta Hawks"
"1391",1996,29,"Travis Knight","Chicago Bulls"
"1392",1996,30,"Othella Harrington","Houston Rockets"
"1393",1996,31,"Mark Hendrickson","Philadelphia 76ers"
"1394",1996,32,"Ryan Minor","Philadelphia 76ers"
"1395",1996,33,"Moochie Norris","Milwaukee Bucks"
"1396",1996,34,"Shawn Harvey","Dallas Mavericks"
"1397",1996,35,"Joseph Blair","Seattle SuperSonics"
"1398",1996,36,"Doron Sheffer","Los Angeles Clippers"
"1399",1996,37,"Jeff McInnis","Denver Nuggets"
"1400",1996,38,"Steve Hamer","Boston Celtics"
"1401",1996,39,"Russ Millard","Phoenix Suns"
"1402",1996,40,"Marcus Mann","Golden State Warriors"
"1403",1996,41,"Jason Sasser","Sacramento Kings"
"1404",1996,42,"Randy Livingston","Houston Rockets"
"1405",1996,43,"Ben Davis","Phoenix Suns"
"1406",1996,44,"Malik Rose","Charlotte Hornets"
"1407",1996,45,"Joe Vogel","Seattle SuperSonics"
"1408",1996,46,"Marcus Brown","Portland Trail Blazers"
"1409",1996,47,"Ron Riley","Seattle SuperSonics"
"1410",1996,48,"Jamie Feick","Philadelphia 76ers"
"1411",1996,49,"Amal McCaskill","Orlando Magic"
"1412",1996,50,"Terrell Bell","Houston Rockets"
"1413",1996,51,"Chris Robinson","Vancouver Grizzlies"
"1414",1996,52,"Mark Pope","Indiana Pacers"
"1415",1996,53,"Jeff Nordgaard","Milwaukee Bucks"
"1416",1996,54,"Shandon Anderson","Utah Jazz"
"1417",1996,55,"Ronnie Henderson","Washington Bullets"
"1418",1996,56,"Reggie Geary","Cleveland Cavaliers"
"1419",1996,57,"Drew Barry","Seattle SuperSonics"
"1420",1996,58,"Darnell Robinson","Dallas Mavericks"
"1421",1995,1,"Joe Smith","Golden State Warriors"
"1422",1995,2,"Antonio McDyess","Los Angeles Clippers"
"1423",1995,3,"Jerry Stackhouse","Philadelphia 76ers"
"1424",1995,4,"Rasheed Wallace","Washington Bullets"
"1425",1995,5,"Kevin Garnett","Minnesota Timberwolves"
"1426",1995,6,"Bryant Reeves","Vancouver Grizzlies"
"1427",1995,7,"Damon Stoudamire","Toronto Raptors"
"1428",1995,8,"Shawn Respert","Portland Trail Blazers"
"1429",1995,9,"Ed O'Bannon","New Jersey Nets"
"1430",1995,10,"Kurt Thomas","Miami Heat"
"1431",1995,11,"Gary Trent","Milwaukee Bucks"
"1432",1995,12,"Cherokee Parks","Dallas Mavericks"
"1433",1995,13,"Corliss Williamson","Sacramento Kings"
"1434",1995,14,"Eric Williams","Boston Celtics"
"1435",1995,15,"Brent Barry","Denver Nuggets"
"1436",1995,16,"Alan Henderson","Atlanta Hawks"
"1437",1995,17,"Bob Sura","Cleveland Cavaliers"
"1438",1995,18,"Theo Ratliff","Detroit Pistons"
"1439",1995,19,"Randolph Childress","Detroit Pistons"
"1440",1995,20,"Jason Caffey","Chicago Bulls"
"1441",1995,21,"Michael Finley","Phoenix Suns"
"1442",1995,22,"George Zidek","Charlotte Hornets"
"1443",1995,23,"Travis Best","Indiana Pacers"
"1444",1995,24,"Loren Meyer","Dallas Mavericks"
"1445",1995,25,"David Vaughn","Orlando Magic"
"1446",1995,26,"Sherell Ford","Seattle SuperSonics"
"1447",1995,27,"Mario Bennett","Phoenix Suns"
"1448",1995,28,"Greg Ostertag","Utah Jazz"
"1449",1995,29,"Cory Alexander","San Antonio Spurs"
"1450",1995,30,"Lou Roe","Detroit Pistons"
"1451",1995,31,"Dragan Tarlac","Chicago Bulls"
"1452",1995,32,"Terrence Rencher","Washington Bullets"
"1453",1995,33,"Junior Burrough","Boston Celtics"
"1454",1995,34,"Andrew DeClercq","Golden State Warriors"
"1455",1995,35,"Jimmy King","Toronto Raptors"
"1456",1995,36,"Lawrence Moten","Vancouver Grizzlies"
"1457",1995,37,"Frankie King","Los Angeles Lakers"
"1458",1995,38,"Rashard Griffith","Milwaukee Bucks"
"1459",1995,39,"Donny Marshall","Cleveland Cavaliers"
"1460",1995,40,"Dwayne Whitfield","Golden State Warriors"
"1461",1995,41,"Erik Meek","Houston Rockets"
"1462",1995,42,"Donnie Boyce","Atlanta Hawks"
"1463",1995,43,"Eric Snow","Milwaukee Bucks"
"1464",1995,44,"Anthony Pelle","Denver Nuggets"
"1465",1995,45,"Troy Brown","Atlanta Hawks"
"1466",1995,46,"George Banks","Miami Heat"
"1467",1995,47,"Tyus Edney","Sacramento Kings"
"1468",1995,48,"Mark Davis","Minnesota Timberwolves"
"1469",1995,49,"Jerome Allen","Minnesota Timberwolves"
"1470",1995,50,"Martin Lewis","Golden State Warriors"
"1471",1995,51,"Dejan Bodiroga","Sacramento Kings"
"1472",1995,52,"Fred Hoiberg","Indiana Pacers"
"1473",1995,53,"Constantin Popa","Los Angeles Clippers"
"1474",1995,54,"Aurelijius Zukauskas","Seattle SuperSonics"
"1475",1995,55,"Michael McDonald","Golden State Warriors"
"1476",1995,56,"Chris Carr","Phoenix Suns"
"1477",1995,57,"Cuonzo Martin","Atlanta Hawks"
"1478",1995,58,"Don Reid","Detroit Pistons"
"1479",1994,1,"Glenn Robinson","Milwaukee Bucks"
"1480",1994,2,"Jason Kidd","Dallas Mavericks"
"1481",1994,3,"Grant Hill","Detroit Pistons"
"1482",1994,4,"Donyell Marshall","Minnesota Timberwolves"
"1483",1994,5,"Juwan Howard","Washington Bullets"
"1484",1994,6,"Sharone Wright","Philadelphia 76ers"
"1485",1994,7,"Lamond Murray","Los Angeles Clippers"
"1486",1994,8,"Brian Grant","Sacramento Kings"
"1487",1994,9,"Eric Montross","Boston Celtics"
"1488",1994,10,"Eddie Jones","Los Angeles Lakers"
"1489",1994,11,"Carlos Rogers","Seattle SuperSonics"
"1490",1994,12,"Khalid Reeves","Miami Heat"
"1491",1994,13,"Jalen Rose","Denver Nuggets"
"1492",1994,14,"Yinka Dare","New Jersey Nets"
"1493",1994,15,"Eric Piatkowski","Indiana Pacers"
"1494",1994,16,"Clifford Rozier","Golden State Warriors"
"1495",1994,17,"Aaron McKie","Portland Trail Blazers"
"1496",1994,18,"Eric Mobley","Milwaukee Bucks"
"1497",1994,19,"Tony Dumas","Dallas Mavericks"
"1498",1994,20,"B.J. Tyler","Philadelphia 76ers"
"1499",1994,21,"Dickey Simpkins","Chicago Bulls"
"1500",1994,22,"Bill Curley","San Antonio Spurs"
"1501",1994,23,"Wesley Person","Phoenix Suns"
"1502",1994,24,"Monty Williams","New York Knicks"
"1503",1994,25,"Greg Minor","Los Angeles Clippers"
"1504",1994,26,"Charlie Ward","New York Knicks"
"1505",1994,27,"Brooks Thompson","Orlando Magic"
"1506",1994,28,"Deon Thomas","Dallas Mavericks"
"1507",1994,29,"Antonio Lang","Phoenix Suns"
"1508",1994,30,"Howard Eisley","Minnesota Timberwolves"
"1509",1994,31,"Rodney Dent","Orlando Magic"
"1510",1994,32,"Jim McIlvaine","Washington Bullets"
"1511",1994,33,"Derrick Alston","Philadelphia 76ers"
"1512",1994,34,"Gaylon Nickerson","Atlanta Hawks"
"1513",1994,35,"Michael Smith","Sacramento Kings"
"1514",1994,36,"Andrei Fetisov","Boston Celtics"
"1515",1994,37,"Dontonio Wingfield","Seattle SuperSonics"
"1516",1994,38,"Darrin Hancock","Charlotte Hornets"
"1517",1994,39,"Anthony Miller","Golden State Warriors"
"1518",1994,40,"Jeff Webster","Miami Heat"
"1519",1994,41,"William Njoku","Indiana Pacers"
"1520",1994,42,"Gary Collier","Cleveland Cavaliers"
"1521",1994,43,"Shawnelle Scott","Portland Trail Blazers"
"1522",1994,44,"Damon Bailey","Indiana Pacers"
"1523",1994,45,"Dwayne Morton","Golden State Warriors"
"1524",1994,46,"Voshon Lenard","Milwaukee Bucks"
"1525",1994,47,"Jamie Watson","Utah Jazz"
"1526",1994,48,"Jevon Crudup","Detroit Pistons"
"1527",1994,49,"Kris Bruton","Chicago Bulls"
"1528",1994,50,"Charles Claxton","Phoenix Suns"
"1529",1994,51,"Lawrence Funderburke","Sacramento Kings"
"1530",1994,52,"Anthony Goldwire","Phoenix Suns"
"1531",1994,53,"Albert Burditt","Houston Rockets"
"1532",1994,54,"Zeljko Rebraca","Seattle SuperSonics"
"1533",1993,1,"Chris Webber","Orlando Magic"
"1534",1993,2,"Shawn Bradley","Philadelphia 76ers"
"1535",1993,3,"Anfernee Hardaway","Golden State Warriors"
"1536",1993,4,"Jamal Mashburn","Dallas Mavericks"
"1537",1993,5,"Isaiah Rider","Minnesota Timberwolves"
"1538",1993,6,"Calbert Cheaney","Washington Bullets"
"1539",1993,7,"Bobby Hurley","Sacramento Kings"
"1540",1993,8,"Vin Baker","Milwaukee Bucks"
"1541",1993,9,"Rodney Rogers","Denver Nuggets"
"1542",1993,10,"Lindsey Hunter","Detroit Pistons"
"1543",1993,11,"Allan Houston","Detroit Pistons"
"1544",1993,12,"George Lynch","Los Angeles Lakers"
"1545",1993,13,"Terry Dehere","Los Angeles Clippers"
"1546",1993,14,"Scott Haskin","Indiana Pacers"
"1547",1993,15,"Doug Edwards","Atlanta Hawks"
"1548",1993,16,"Rex Walters","New Jersey Nets"
"1549",1993,17,"Greg Graham","Charlotte Hornets"
"1550",1993,18,"Luther Wright","Utah Jazz"
"1551",1993,19,"Acie Earl","Boston Celtics"
"1552",1993,20,"Scott Burrell","Charlotte Hornets"
"1553",1993,21,"James Robinson","Portland Trail Blazers"
"1554",1993,22,"Chris Mills","Cleveland Cavaliers"
"1555",1993,23,"Ervin Johnson","Seattle SuperSonics"
"1556",1993,24,"Sam Cassell","Houston Rockets"
"1557",1993,25,"Corie Blount","Chicago Bulls"
"1558",1993,26,"Geert Hammink","Orlando Magic"
"1559",1993,27,"Malcolm Mackey","Phoenix Suns"
"1560",1993,28,"Lucious Harris","Dallas Mavericks"
"1561",1993,29,"Sherron Mills","Minnesota Timberwolves"
"1562",1993,30,"Gheorghe Muresan","Washington Bullets"
"1563",1993,31,"Evers Burns","Sacramento Kings"
"1564",1993,32,"Alphonso Ford","Philadelphia 76ers"
"1565",1993,33,"Eric Riley","Dallas Mavericks"
"1566",1993,34,"Darnell Mee","Golden State Warriors"
"1567",1993,35,"Ed Stokes","Miami Heat"
"1568",1993,36,"John Best","New Jersey Nets"
"1569",1993,37,"Nick Van Exel","Los Angeles Lakers"
"1570",1993,38,"Conrad McRae","Washington Bullets"
"1571",1993,39,"Thomas Hill","Indiana Pacers"
"1572",1993,40,"Richard Manning","Atlanta Hawks"
"1573",1993,41,"Anthony Reed","Chicago Bulls"
"1574",1993,42,"Adonis Jordan","Seattle SuperSonics"
"1575",1993,43,"Josh Grant","Denver Nuggets"
"1576",1993,44,"Alex Holcombe","Sacramento Kings"
"1577",1993,45,"Bryon Russell","Utah Jazz"
"1578",1993,46,"Richard Petruska","Houston Rockets"
"1579",1993,47,"Chris Whitney","San Antonio Spurs"
"1580",1993,48,"Kevin Thompson","Portland Trail Blazers"
"1581",1993,49,"Mark Buford","Phoenix Suns"
"1582",1993,50,"Marcelo Nicola","Houston Rockets"
"1583",1993,51,"Spencer Dunkley","Indiana Pacers"
"1584",1993,52,"Mike Peplowski","Sacramento Kings"
"1585",1993,53,"Leonard White","Los Angeles Clippers"
"1586",1993,54,"Byron Wilson","Phoenix Suns"
"1587",1992,1,"Shaquille O'Neal","Orlando Magic"
"1588",1992,2,"Alonzo Mourning","Charlotte Hornets"
"1589",1992,3,"Christian Laettner","Minnesota Timberwolves"
"1590",1992,4,"Jim Jackson","Dallas Mavericks"
"1591",1992,5,"LaPhonso Ellis","Denver Nuggets"
"1592",1992,6,"Tom Gugliotta","Washington Bullets"
"1593",1992,7,"Walt Williams","Sacramento Kings"
"1594",1992,8,"Todd Day","Milwaukee Bucks"
"1595",1992,9,"Clar. Weatherspoon","Philadelphia 76ers"
"1596",1992,10,"Adam Keefe","Atlanta Hawks"
"1597",1992,11,"Robert Horry","Houston Rockets"
"1598",1992,12,"Harold Miner","Miami Heat"
"1599",1992,13,"Bryant Stith","Denver Nuggets"
"1600",1992,14,"Malik Sealy","Indiana Pacers"
"1601",1992,15,"Anthony Peeler","Los Angeles Lakers"
"1602",1992,16,"Randy Woods","Los Angeles Clippers"
"1603",1992,17,"Doug Christie","Seattle SuperSonics"
"1604",1992,18,"Tracy Murray","San Antonio Spurs"
"1605",1992,19,"Don MacLean","Detroit Pistons"
"1606",1992,20,"Hubert Davis","New York Knicks"
"1607",1992,21,"Jon Barry","Boston Celtics"
"1608",1992,22,"Oliver Miller","Phoenix Suns"
"1609",1992,23,"Lee Mayberry","Milwaukee Bucks"
"1610",1992,24,"Latrell Sprewell","Golden State Warriors"
"1611",1992,25,"Elmore Spencer","Los Angeles Clippers"
"1612",1992,26,"Dave Johnson","Portland Trail Blazers"
"1613",1992,27,"Byron Houston","Chicago Bulls"
"1614",1992,28,"Marlon Maxey","Minnesota Timberwolves"
"1615",1992,29,"P.J. Brown","New Jersey Nets"
"1616",1992,30,"Sean Rooks","Dallas Mavericks"
"1617",1992,31,"Reggie Smith","Portland Trail Blazers"
"1618",1992,32,"Brent Price","Washington Bullets"
"1619",1992,33,"Corey Williams","Chicago Bulls"
"1620",1992,34,"Chris Smith","Minnesota Timberwolves"
"1621",1992,35,"Tony Bennett","Charlotte Hornets"
"1622",1992,36,"Duane Cooper","Los Angeles Lakers"
"1623",1992,37,"Isaiah Morris","Miami Heat"
"1624",1992,38,"Elmer Bennett","Atlanta Hawks"
"1625",1992,39,"Litterial Green","Chicago Bulls"
"1626",1992,40,"Steve Rogers","New Jersey Nets"
"1627",1992,41,"Popeye Jones","Houston Rockets"
"1628",1992,42,"Matt Geiger","Miami Heat"
"1629",1992,43,"Sasha Danilovic","Golden State Warriors"
"1630",1992,44,"Henry Williams","San Antonio Spurs"
"1631",1992,45,"Chris King","Seattle SuperSonics"
"1632",1992,46,"Robert Werdann","Denver Nuggets"
"1633",1992,47,"Darren Morningstar","Boston Celtics"
"1634",1992,48,"Brian Davis","Phoenix Suns"
"1635",1992,49,"Ron Ellis","Phoenix Suns"
"1636",1992,50,"Matt Fish","Golden State Warriors"
"1637",1992,51,"Tim Burroughs","Minnesota Timberwolves"
"1638",1992,52,"Matt Steigenga","Chicago Bulls"
"1639",1992,53,"Curtis Blair","Houston Rockets"
"1640",1992,54,"Brett Roberts","Sacramento Kings"
"1641",1991,1,"Larry Johnson","Charlotte Hornets"
"1642",1991,2,"Kenny Anderson","New Jersey Nets"
"1643",1991,3,"Billy Owens","Sacramento Kings"
"1644",1991,4,"Dikembe Mutombo","Denver Nuggets"
"1645",1991,5,"Steven Smith","Miami Heat"
"1646",1991,6,"Doug Smith","Dallas Mavericks"
"1647",1991,7,"Luc Longley","Minnesota Timberwolves"
"1648",1991,8,"Mark Macon","Denver Nuggets"
"1649",1991,9,"Stacey Augmon","Atlanta Hawks"
"1650",1991,10,"Bison Dele","Orlando Magic"
"1651",1991,11,"Terrell Brandon","Cleveland Cavaliers"
"1652",1991,12,"Greg Anthony","New York Knicks"
"1653",1991,13,"Dale Davis","Indiana Pacers"
"1654",1991,14,"Rich King","Seattle SuperSonics"
"1655",1991,15,"Anthony Avent","Atlanta Hawks"
"1656",1991,16,"Chris Gatling","Golden State Warriors"
"1657",1991,17,"Victor Alexander","Golden State Warriors"
"1658",1991,18,"Kevin Brooks","Milwaukee Bucks"
"1659",1991,19,"Labradford Smith","Washington Bullets"
"1660",1991,20,"John Turner","Houston Rockets"
"1661",1991,21,"Eric Murdock","Utah Jazz"
"1662",1991,22,"LeRon Ellis","Los Angeles Clippers"
"1663",1991,23,"Stanley Roberts","Orlando Magic"
"1664",1991,24,"Rick Fox","Boston Celtics"
"1665",1991,25,"Shaun Vandiver","Golden State Warriors"
"1666",1991,26,"Mark Randall","Chicago Bulls"
"1667",1991,27,"Pete Chilcutt","Sacramento Kings"
"1668",1991,28,"Kevin Lynch","Charlotte Hornets"
"1669",1991,29,"George Ackles","Miami Heat"
"1670",1991,30,"Rodney Monroe","Atlanta Hawks"
"1671",1991,31,"Randy Brown","Sacramento Kings"
"1672",1991,32,"Chad Gallagher","Phoenix Suns"
"1673",1991,33,"Donald Hodge","Dallas Mavericks"
"1674",1991,34,"Myron Brown","Minnesota Timberwolves"
"1675",1991,35,"Mike Iuzzolino","Dallas Mavericks"
"1676",1991,36,"Chris Corchiani","Orlando Magic"
"1677",1991,37,"Elliot Perry","Los Angeles Clippers"
"1678",1991,38,"Joe Wylie","Los Angeles Clippers"
"1679",1991,39,"Jimmy Oliver","Cleveland Cavaliers"
"1680",1991,40,"Doug Overton","Detroit Pistons"
"1681",1991,41,"Sean Green","Indiana Pacers"
"1682",1991,42,"Steve Hood","Sacramento Kings"
"1683",1991,43,"Lamont Strothers","Golden State Warriors"
"1684",1991,44,"Alvaro Teheran","Philadelphia 76ers"
"1685",1991,45,"Bobby Phills","Milwaukee Bucks"
"1686",1991,46,"Richard Dumas","Phoenix Suns"
"1687",1991,47,"Keith Hughes","Houston Rockets"
"1688",1991,48,"Ike Austin","Utah Jazz"
"1689",1991,49,"Greg Sutton","San Antonio Spurs"
"1690",1991,50,"Joey Wright","Phoenix Suns"
"1691",1991,51,"Zan Tabak","Houston Rockets"
"1692",1991,52,"Anthony Jones","Los Angeles Lakers"
"1693",1991,53,"Von McDade","New Jersey Nets"
"1694",1991,54,"Marcus Kennedy","Portland Trail Blazers"
"1695",1990,1,"Derrick Coleman","New Jersey Nets"
"1696",1990,2,"Gary Payton","Seattle SuperSonics"
"1697",1990,3,"Mahmoud Abdul-Rauf","Denver Nuggets"
"1698",1990,4,"Dennis Scott","Orlando Magic"
"1699",1990,5,"Kendall Gill","Charlotte Hornets"
"1700",1990,6,"Felton Spencer","Minnesota Timberwolves"
"1701",1990,7,"Lionel Simmons","Sacramento Kings"
"1702",1990,8,"Bo Kimble","Los Angeles Clippers"
"1703",1990,9,"Willie Burton","Miami Heat"
"1704",1990,10,"Rumeal Robinson","Atlanta Hawks"
"1705",1990,11,"Tyrone Hill","Golden State Warriors"
"1706",1990,12,"Alec Kessler","Houston Rockets"
"1707",1990,13,"Loy Vaught","Los Angeles Clippers"
"1708",1990,14,"Travis Mays","Sacramento Kings"
"1709",1990,15,"Dave Jamerson","Miami Heat"
"1710",1990,16,"Terry Mills","Milwaukee Bucks"
"1711",1990,17,"Jerrod Mustaf","New York Knicks"
"1712",1990,18,"Duane Causwell","Sacramento Kings"
"1713",1990,19,"Dee Brown","Boston Celtics"
"1714",1990,20,"Gerald Glass","Minnesota Timberwolves"
"1715",1990,21,"Jayson Williams","Phoenix Suns"
"1716",1990,22,"Tate George","New Jersey Nets"
"1717",1990,23,"Anthony Bonner","Sacramento Kings"
"1718",1990,24,"Dwayne Schintzius","San Antonio Spurs"
"1719",1990,25,"Alaa Abdelnaby","Portland Trail Blazers"
"1720",1990,26,"Lance Blanks","Detroit Pistons"
"1721",1990,27,"Elden Campbell","Los Angeles Lakers"
"1722",1990,28,"Les Jepsen","Golden State Warriors"
"1723",1990,29,"Toni Kukoc","Chicago Bulls"
"1724",1990,30,"Carl Herrera","Miami Heat"
"1725",1990,31,"Negele Knight","Phoenix Suns"
"1726",1990,32,"Brian Oliver","Philadelphia 76ers"
"1727",1990,33,"Walter Palmer","Utah Jazz"
"1728",1990,34,"Kevin Pritchard","Golden State Warriors"
"1729",1990,35,"Greg Foster","Washington Bullets"
"1730",1990,36,"Trevor Wilson","Atlanta Hawks"
"1731",1990,37,"A.J. English","Washington Bullets"
"1732",1990,38,"Jud Buechler","Seattle SuperSonics"
"1733",1990,39,"Steve Scheffler","Charlotte Hornets"
"1734",1990,40,"Bimbo Coles","Sacramento Kings"
"1735",1990,41,"Stephen Bardo","Atlanta Hawks"
"1736",1990,42,"Marcus Liberty","Denver Nuggets"
"1737",1990,43,"Tony Massenburg","San Antonio Spurs"
"1738",1990,44,"Steve Henson","Milwaukee Bucks"
"1739",1990,45,"Antonio Davis","Indiana Pacers"
"1740",1990,46,"Kenny Williams","Indiana Pacers"
"1741",1990,47,"Derek Strong","Philadelphia 76ers"
"1742",1990,48,"Cedric Ceballos","Phoenix Suns"
"1743",1990,49,"Phil Henderson","Dallas Mavericks"
"1744",1990,50,"Milos Babic","Phoenix Suns"
"1745",1990,51,"Tony Smith","Los Angeles Lakers"
"1746",1990,52,"Stefano Rusconi","Cleveland Cavaliers"
"1747",1990,53,"Abdul Shamsid-Deen","Seattle SuperSonics"
"1748",1990,54,"Sean Higgins","San Antonio Spurs"
